param_07,drama_id,param_04,command_type,param_06,param_03,param_02,param_05,param_08,param_01,command_id
1,5152061,382,1,1.55,110,110311,-280,idle_normal,1,61001
0,5152061,145,1,1.55,106,131911,-210,idle_normal,1,61002
0,5152061,-50,1,1.55,107,102311,-225,joy_idle_normal,1,61003
0,5152061,-245,1,1.55,108,102111,-240,wish_idle,1,61004
0,5152061,-440,1,1.55,109,107711,-255,idle_normal,1,61005
0,5152061,40,1,1.45,103,122811,-105,doya_idle,1,61006
0,5152061,-160,1,1.45,104,122911,-120,idle_normal,1,61007
0,5152061,-355,1,1.45,105,122711,-135,idle_normal,1,61008
"",5152061,"",13,"","",210,"","",110311,61009
"",5152061,"",13,"","",206,"","",131911,61010
"",5152061,"",13,"","",209,"","",107711,61011
"",5152061,"",13,"","",205,"","",122711,61012
"",5152061,"",13,"","",203,"","",122811,61013
"",5152061,"",13,"","",204,"","",122911,61014
"",5152061,"",13,"","",208,"","",102111,61015
"",5152061,"",13,"","",207,"","",102311,61016
0,5152061,-110,5,0.75,210,2,160,empty,2,61017
0,5152061,352,5,1,210,3,-45,empty,3,61018
"",5152061,0,31,1,0,1,1,"",1,61019
"",5152061,0,31,0,0,2,1,"",2,61020
"",5152061,0,31,1,0,3,1,"",3,61021
"",5152061,0,31,0,0,11,1,"",11,61022
"",5152061,"",91,"","",0,"","",0,61023
"",5152061,"",37,"","",telop_1,"","",3,61024
"",5152061,"",102,"",0,0,"","",0,61025
"",5152061,"",93,"","",0,"","",1,61026
0,5152061,callout_loop,3,0.2,0,callout_in,1,"",110311,61027
"",5152061,"",93,"","",0,"","",0.1,61028
"",5152061,0,21,"",0,vo_rag_6001,"","",vo_rag,61029
"",5152061,"",3,0,0,1001_in,"","",3,61030
"",5152061,"",93,"","",1,"","",1.9,61031
"",5152061,"",3,0,0,1001_mid,"","",3,61032
"",5152061,"",92,"","","","","","",61033
"",5152061,"",3,0,0,1001_out,"","",3,61034
"",5152061,"",93,"","",0,"","",0.2,61035
"",5152061,"",3,0.3,1,doya_idle_joy1R,"","",110311,61036
0,5152061,gutsB_talk_joy,3,0.2,0,gutsB_in_joy,1,"",102311,61037
"",5152061,"",3,0.2,1,wish_talk,"","",102111,61038
0,5152061,idle_normal_joy,3,0.2,0,hello_2,1,"",131911,61039
"",5152061,"",3,0.2,1,sad_talk_joy,"","",107711,61040
0,5152061,handsup_loop,3,0.2,0,handsup_in,1,"",122811,61041
"",5152061,"",3,0.2,1,leanforward_joy,"","",122911,61042
"",5152061,"",3,0.2,1,talk_normal,"","",122711,61043
"",5152061,0,21,"",0,vo_rag_6002,"","",vo_rag,61044
"",5152061,0,2,"",142,-110,0,"",3,61045
"",5152061,"",3,0,0,1002_in,"","",3,61046
"",5152061,"",93,"","",1,"","",1.9,61047
"",5152061,"",3,0,0,1002_mid,"","",3,61048
"",5152061,"",92,"","","","","","",61049
"",5152061,"",3,0,0,1002_out,"","",3,61050
"",5152061,"",3,0.2,1,gutsB_idle,"","",102311,61051
"",5152061,"",3,0.2,1,wish_idle,"","",102111,61052
"",5152061,"",3,0.2,1,idle_normal,"","",131911,61053
"",5152061,"",3,0.2,1,sad_idle_normal,"","",107711,61054
"",5152061,"",3,0.2,1,cool_idle,"","",122811,61055
"",5152061,"",3,0.2,1,idle_normal_joy1R,"","",122911,61056
"",5152061,"",3,0.2,1,wish_idle,"","",122711,61057
0,5152061,gutsB_talk,3,0.2,0,gutsB_in,1,"",110311,61058
"",5152061,0,21,"",0,vo_rag_6003,"","",vo_rag,61059
15,5152061,1,11,0,10,"おっきいお友達も元気でとてもいいわ！\nさっそく体操はじめましょう！",1,0,110311,61060
"",5152061,0,91,"",0,"","","",0,61061
"",5152061,"",25,"","",bgm_MC175B,"","",bgm_MC175B,61062
"",5152061,"",32,"","",1,"","",2,61063
0,5152061,kids_gungun_loop,3,0.2,0,kids_gungun_in,1,"",110311,61064
"",5152061,0,21,"",0,vo_rag_6004,"","",vo_rag,61065
0,5152061,1,11,0,10,"まずは空に向かって\n腕をグングン伸ばしてー！",0,1.7,110311,61066
"",5152061,"",93,"","",0,"","",0.1,61067
0,5152061,kids_gungun_loop,3,0.2,0,kids_gungun_in,1,"",131911,61068
0,5152061,kids_gungun_loop,3,0.2,0,kids_gungun_in,1,"",102311,61069
0,5152061,kids_gungun_loop,3,0.2,0,kids_gungun_in,1,"",102111,61070
0,5152061,kids_gungun_loop,3,0.2,0,kids_gungun_in,1,"",107711,61071
0,5152061,kids_gungun_loop,3,0.2,0,kids_gungun_in,1,"",122811,61072
0,5152061,kids_gungun_loop,3,0.2,0,kids_gungun_in,1,"",122911,61073
0,5152061,kids_gungun_loop,3,0.2,0,kids_gungun_in,1,"",122711,61074
"",5152061,"",93,"","",0,"","",5.2,61075
"",5152061,0,91,"",0,"","","",61066,61076
"",5152061,0,21,"",0,vo_rag_6005,"","",vo_rag,61077
60,5152061,1,11,13,10,"グーン、グーン！\nあはは、思い切り体動かすの楽しいね！",0,2.3,102311,61078
"",5152061,"",93,"","",0,"","",7.8,61079
"",5152061,0,91,"",0,"","","",61078,61080
"",5152061,"",3,0.3,1,kids_furifuri,"","",110311,61081
"",5152061,0,21,"",0,vo_rag_6006,"","",vo_rag,61082
17,5152061,1,11,21,10,"今度は腰を左右にフリフリ！\nキュートに、そしてリズミカルにね！",0,1.7,110311,61083
"",5152061,"",93,"","",0,"","",0.1,61084
"",5152061,"",3,0.3,1,kids_furifuri,"","",131911,61085
"",5152061,"",3,0.3,1,kids_furifuriB,"","",102311,61086
"",5152061,"",3,0.3,1,kids_furifuri,"","",102111,61087
"",5152061,"",3,0.3,1,kids_furifuriB,"","",107711,61088
"",5152061,"",3,0.3,1,kids_furifuri,"","",122811,61089
"",5152061,"",3,0.3,1,kids_furifuriB,"","",122911,61090
"",5152061,"",3,0.3,1,kids_furifuri,"","",122711,61091
"",5152061,"",93,"","",0,"","",7.3,61092
"",5152061,0,91,"",0,"","","",61083,61093
"",5152061,0,21,"",0,vo_rag_6007,"","",vo_rag,61094
60,5152061,1,11,0,10,"フリフリ～、楽しくなってきましたぁ♪",0,0.5,102111,61095
"",5152061,"",93,"","",0,"","",5.2,61096
"",5152061,0,91,"",0,"","","",61095,61097
"",5152061,"",3,0.2,1,joy_idle,"","",131911,61098
"",5152061,"",3,0.2,1,joy_idle,"","",102311,61099
"",5152061,"",3,0.2,1,joy_idle,"","",102111,61100
"",5152061,"",3,0.2,1,joy_idle,"","",107711,61101
"",5152061,"",3,0.2,1,joy_idle,"","",122811,61102
"",5152061,"",3,0.2,1,joy_idle,"","",122911,61103
"",5152061,"",3,0.2,1,joy_idle,"","",122711,61104
0,5152061,kids_jump_sideHair_out,3,0.2,0,kids_jump_in_saren,0,"",110311,61105
"",5152061,0,21,"",0,vo_rag_6008,"","",vo_rag,61106
0,5152061,1,11,0,10,"最後はみんなで大きく…ジャーンプ！",0,1,110311,61107
"",5152061,"",93,"","",0,"","",0.1,61108
0,5152061,kids_jump_mid,3,0.2,0,kids_jump_in,1,"",131911,61109
0,5152061,kids_jump_mid,3,0.2,0,kids_jump_in,1,"",102311,61110
0,5152061,kids_jump_mid,3,0.2,0,kids_jump_in,1,"",102111,61111
0,5152061,kids_jump_mid,3,0.2,0,kids_jump_in,1,"",107711,61112
0,5152061,kids_jump_mid,3,0.2,0,kids_jump_in,1,"",122811,61113
0,5152061,kids_jump_mid,3,0.2,0,kids_jump_in,1,"",122911,61114
0,5152061,kids_jump_mid,3,0.2,0,kids_jump_in,1,"",122711,61115
"",5152061,"",93,"","",0,"","",4.1,61116
"",5152061,0,91,"",0,"","","",61107,61117
"",5152061,"",37,"","",finish,"","",2,61118
"",5152061,"",23,"",0,se_10058300_kids_finish,"","",se_10058300,61119
"",5152061,"",3,0,0,kids_jump_out,"","",131911,61120
"",5152061,"",3,0,0,kids_jump_out,"","",102311,61121
"",5152061,"",3,0,0,kids_jump_out,"","",102111,61122
"",5152061,"",3,0,0,kids_jump_sideHair_out,"","",107711,61123
"",5152061,"",3,0,0,kids_jump_out,"","",122811,61124
"",5152061,"",3,0,0,kids_jump_out,"","",122911,61125
"",5152061,"",3,0,0,kids_jump_sideHair_out,"","",122711,61126
"",5152061,0,21,"",0,vo_rag_6009,"","",vo_rag,61127
"",5152061,"",3,0,0,1009_in,"","",2,61128
"",5152061,"",93,"","",1,"","",0.4,61129
"",5152061,"",3,0,0,1009_mid,"","",2,61130
"",5152061,"",92,"","","","","","",61131
"",5152061,"",3,0,0,1009_out,"","",2,61132
"",5152061,"",93,"","",0,"","",0.2,61133
0.2,5152061,idle_normal,3,0,0,kids_jump_end,1,"",131911,61134
0.2,5152061,joy_idle_normal,3,0,0,kids_jump_end,1,"",102311,61135
0.2,5152061,wish_idle,3,0,0,kids_jump_end,1,"",102111,61136
0.2,5152061,idle_normal,3,0,0,kids_jump_sideHair_end,1,"",107711,61137
0.2,5152061,doya_idle,3,0,0,kids_jump_end,1,"",122811,61138
0.2,5152061,idle_normal,3,0,0,kids_jump_end,1,"",122911,61139
0.2,5152061,idle_normal,3,0,0,kids_jump_sideHair_end,1,"",122711,61140
1,5152061,0.5,27,0,0.5,bgm_MC173B,0,"",bgm_MC173B,61141
0.2,5152061,talk_normal,3,0,0,kids_jump_sideHair_end,1,"",110311,61142
"",5152061,0,21,"",0,vo_rag_6010,"","",vo_rag,61143
0,5152061,1,11,0,10,"はい、お疲れさま\nみんな、楽しかったかしら？",1,0,110311,61144
"",5152061,0,91,"",0,"","","",0,61145
"",5152061,"",3,0.2,1,idle_normal,"","",110311,61146
0,5152061,gutsB_talk,3,0.2,0,gutsB_in,1,"",131911,61147
0,5152061,surprise3_loop_joy2,3,0.2,0,surprise3_in_joy2,1,"",102311,61148
"",5152061,"",3,0.2,1,memory_talk,"","",102111,61149
"",5152061,"",3,0.2,1,wish_talk_joy_shy,"","",107711,61150
0,5152061,eieio_loop,3,0.2,0,eieio_in,1,"",122811,61151
"",5152061,"",3,0.2,1,anger_talk_joy,"","",122911,61152
"",5152061,"",3,0.2,1,sad_talk_dere2,"","",122711,61153
"",5152061,0,21,"",0,vo_rag_6011,"","",vo_rag,61154
60,5152061,1,11,0,10,"ええ、とっても！\nすごーく新鮮な\nラジーオタイソーだったわ！",1,0,131911,61155
"",5152061,0,91,"",0,"","","",0,61156
"",5152061,"",3,0.2,1,gutsB_idle,"","",131911,61157
"",5152061,"",3,0.2,1,memory_talk,"","",102111,61158
"",5152061,0,21,"",0,vo_rag_6012,"","",vo_rag,61159
56,5152061,1,11,0,10,"かわいくて元気が出て♪\nママ・サレンの体操、すごいですぅ♪",1,0,102111,61160
"",5152061,0,91,"",0,"","","",0,61161
"",5152061,"",3,0.2,1,memory_talk,"","",102111,61162
"",5152061,"",23,"",0,se_10058300_emotion_laugh,"","",se_10058300,61163
"",5152061,"",32,"","",1,"","",11,61164
"",5152061,"",3,0.2,1,sad_talk_normal,"","",110311,61165
"",5152061,0,21,"",0,vo_rag_6013,"","",vo_rag,61166
0,5152061,1,11,0,10,"あはは、\nそんなに喜んでもらえるなんて、\n悪い気はしないわね",1,0,110311,61167
"",5152061,0,91,"",0,"","","",0,61168
"",5152061,"",32,"","",0,"","",11,61169
"",5152061,"",22,"","",0,"","",0,61170
"",5152061,"",93,"","",0,"","",0.1,61171
"",5152061,"",3,0.2,1,wish_talk_joy_shy,"","",110311,61172
0,5152061,sad_idle_joy,3,0.2,0,smile2_joy,1,"",131911,61173
"",5152061,"",3,0.2,1,joy_idle,"","",102311,61174
"",5152061,"",3,0.2,1,memory_idle,"","",102111,61175
"",5152061,"",3,0.2,1,wish_idle_dere,"","",107711,61176
"",5152061,"",3,0.2,1,cool_talk_dere2,"","",122811,61177
"",5152061,"",3,0.2,1,anger_idle_normal2,"","",122911,61178
"",5152061,"",3,0.2,1,sad_idle_dere,"","",122711,61179
"",5152061,"",23,"",0,se_10058300_emotion_kids,"","",se_10058300,61180
0,5152061,0,12,0,2,9,0,0,110311,61181
0,5152061,0,12,0,2,7,0,0,131911,61182
0,5152061,0,12,0,2,10,0,0,102311,61183
0,5152061,0,12,0,2,6,0,0,102111,61184
"",5152061,"",93,"","",0,"","",2.5,61185
"",5152061,"",101,"","","","","",61187,61186
"",5152061,"",25,"","",bgm_MC173B,"","",bgm_MC173B,61187
"",5152061,"",22,"","",0,"","",0,61188
1,5152062,382,1,1.55,110,107111,-280,doya_idle,1,62001
0,5152062,145,1,1.5,105,107611,-210,idle_normal,1,62002
0,5152062,-22,1,1.57,107,131911,-296,joy_idle_normal,1,62003
0,5152062,-217,1,1.57,109,107511,-311,wish_idle_joy,1,62004
0,5152062,-440,1,1.53,108,107811,-255,cool_idle,1,62005
0,5152062,34,1,1.45,103,131411,-136,idle_normal,1,62006
0,5152062,-163,1,1.45,104,131311,-146,riri_idle,1,62007
0,5152062,-350,1,1.45,105,131511,-166,sad_idle_surprise1,1,62008
1,5152062,-13,5,1.5,106,5,-235,empty,5,62009
0,5152062,145,5,1.5,110,11,-210,empty,1,62010
0,5152062,-22,5,1.57,110,12,-296,empty,1,62011
0,5152062,-217,5,1.57,110,13,-311,empty,1,62012
0,5152062,-440,5,1.53,110,14,-255,empty,1,62013
0,5152062,34,5,1.45,107,15,-136,empty,1,62014
0,5152062,-163,5,1.45,107,16,-146,empty,1,62015
0,5152062,-350,5,1.45,107,17,-166,empty,1,62016
"",5152062,"",13,"","",210,"","",107111,62017
"",5152062,"",13,"","",207,"","",131911,62018
"",5152062,"",13,"","",209,"","",107511,62019
"",5152062,"",13,"","",205,"","",107611,62020
"",5152062,"",13,"","",208,"","",107811,62021
"",5152062,"",13,"","",203,"","",131411,62022
"",5152062,"",13,"","",204,"","",131311,62023
"",5152062,"",13,"","",205,"","",131511,62024
0,5152062,-13,5,1.57,108,1,-235,empty,1,62025
0,5152062,382,5,1,210,2,11,empty,2,62026
"",5152062,0,31,1,0,1,1,"",1,62027
"",5152062,0,31,0,0,2,1,"",2,62028
"",5152062,0,31,0,0,12,1,"",12,62029
"",5152062,0,31,1,0,3,1,"",3,62030
"",5152062,"",91,"","","","","",0,62031
"",5152062,"",37,"","",telop_2,"","",3,62032
"",5152062,"",102,"",0,0,"","",0,62033
"",5152062,"",93,"","",0,"","",1,62034
"",5152062,"",3,0.2,1,doya_talk,"","",107111,62035
"",5152062,0,21,"",0,vo_rag_2001,"","",vo_rag,62036
35,5152062,1,11,0,10,"早朝にもかかわらず、よく集まった",1,0,107111,62037
"",5152062,0,91,"",0,"","","",0,62038
0,5152062,cool_talk_joy,3,0.2,0,cool_in_joy,1,"",107111,62039
"",5152062,0,21,"",0,vo_rag_2002,"","",vo_rag,62040
35,5152062,1,11,0,10,"オマエたちにとっておきの体操を\n伝授してやろう♪",1,0,107111,62041
"",5152062,0,91,"",0,"","","",0,62042
"",5152062,"",3,0.2,1,cool_idle,"","",107111,62043
"",5152062,"",3,0.2,1,gutsB_talk_anger,"","",131311,62044
"",5152062,0,21,"",0,vo_rag_2003,"","",vo_rag,62045
0,5152062,1,11,0,10,"どんな苛烈な体操でも…\n頑張りぬく所存です…！",1,0,131311,62046
"",5152062,0,91,"",0,"","","",0,62047
"",5152062,"",3,0.2,1,riri_idle,"","",131311,62048
"",5152062,"",26,"","","","","",1,62049
"",5152062,"",3,0.2,1,joy_talk_normal,"","",107111,62050
"",5152062,"",3,0.2,1,idle_normal,"","",131911,62051
"",5152062,"",3,0.2,1,idle_normal,"","",107511,62052
"",5152062,"",3,0.2,1,idle_normal,"","",107611,62053
"",5152062,"",3,0.2,1,idle_normal,"","",107811,62054
"",5152062,"",3,0.2,1,idle_normal,"","",131411,62055
"",5152062,"",3,0.2,1,idle_normal,"","",131311,62056
"",5152062,"",3,0.2,1,idle_normal,"","",131511,62057
"",5152062,0,21,"",0,vo_rag_2004,"","",vo_rag,62058
0,5152062,1,11,0,10,"ではいくぞ\nそれ、ワンツーワンツー\nもっと腕を高く！",0,2,107111,62059
"",5152062,0,93,"",0,0,"","",1.1,62060
"",5152062,"",25,"","",bgm_MC175A,"","",bgm_MC175A,62061
"",5152062,"",32,"","",1,"","",2,62062
0,5152062,clapping_loop,3,0.2,0,clapping_in,1,"",107111,62063
"",5152062,"",3,0.2,0,idol_before_dance,"","",131911,62064
"",5152062,"",3,0.2,0,idol_before_dance,"","",107511,62065
"",5152062,"",3,0.2,0,idol_before_dance,"","",107611,62066
"",5152062,"",3,0.2,0,idol_before_dance,"","",107811,62067
"",5152062,"",3,0.2,0,idol_before_dance,"","",131411,62068
"",5152062,"",3,0.2,0,idol_before_dance,"","",131311,62069
"",5152062,"",3,0.2,0,idol_before_dance,"","",131511,62070
"",5152062,"",91,"","","","","",0,62071
"",5152062,"",32,"","",1,"","",12,62072
"",5152062,"",3,0.2,1,idol_danceF,"","",131911,62073
"",5152062,"",3,0.2,1,idol_danceF,"","",107511,62074
"",5152062,"",3,0.2,1,idol_danceF,"","",107611,62075
"",5152062,"",3,0.2,1,idol_danceF,"","",107811,62076
0,5152062,idol_danceB_loop,3,0.2,0,idol_danceB_in,1,"",131411,62077
0,5152062,idol_danceB_loop,3,0.2,0,idol_danceB_in,1,"",131311,62078
0,5152062,idol_danceB_loop,3,0.2,0,idol_danceB_in,1,"",131511,62079
"",5152062,"",3,0.2,1,idol_danceF,"","",12,62080
"",5152062,"",3,0.2,1,idol_danceF,"","",13,62081
"",5152062,"",3,0.2,1,idol_danceF,"","",11,62082
"",5152062,"",3,0.2,1,idol_danceF,"","",14,62083
"",5152062,"",3,0.2,1,idol_danceB_loop,"","",15,62084
"",5152062,"",3,0.2,1,idol_danceB_loop,"","",16,62085
"",5152062,"",3,0.2,1,idol_danceB_loop,"","",17,62086
"",5152062,0,93,"",0,0,"","",2.8,62087
"",5152062,0,93,"",0,0,"","",0.1,62088
0,5152062,pointing_loop_anger,3,0.2,0,pointing_in_anger,1,"",107111,62089
"",5152062,0,93,"",0,0,"","",0.5,62090
"",5152062,0,21,"",0,vo_rag_2005,"","",vo_rag,62091
"",5152062,"",3,0,0,0204_in,"","",2,62092
"",5152062,"",93,"","",0,"","",2.5,62093
"",5152062,"",3,0,0,0204_out,"","",2,62094
"",5152062,"",93,"","",0,"","",0.2,62095
"",5152062,"",3,0.2,1,angry_loop,"","",107111,62096
"",5152062,0,21,"",0,vo_rag_2006,"","",vo_rag,62097
"",5152062,"",3,0,0,0205_in,"","",2,62098
"",5152062,"",93,"","",0,"","",2.2,62099
"",5152062,"",3,0,0,0205_out,"","",2,62100
"",5152062,"",93,"","",0,"","",0.3,62101
0,5152062,clapping_loop_talk2,3,0.2,0,clapping_in_talk2,1,"",107111,62102
"",5152062,"",93,"","",0,"","",2.1,62103
"",5152062,"",37,"","",out,"","",12,62104
0,5152062,idol_poseF_loop,3,0.1,0,idol_poseF_in,1,"",131911,62105
0,5152062,idol_poseF_loop,3,0.1,0,idol_poseF_in,1,"",107511,62106
0,5152062,idol_poseF_loop,3,0.1,0,idol_poseF_in,1,"",107611,62107
0,5152062,idol_poseF_loop,3,0.1,0,idol_poseF_in,1,"",107811,62108
0,5152062,idol_poseB_loop,3,0.1,0,idol_poseB_in,1,"",131411,62109
0,5152062,idol_poseB_loop,3,0.1,0,idol_poseB_in,1,"",131311,62110
0,5152062,idol_poseB_loop,3,0.1,0,idol_poseB_in,1,"",131511,62111
"",5152062,"",3,0.2,1,empty,"","",12,62112
"",5152062,"",3,0.2,1,empty,"","",13,62113
"",5152062,"",3,0.2,1,empty,"","",11,62114
"",5152062,"",3,0.2,1,empty,"","",14,62115
"",5152062,"",3,0.2,1,empty,"","",15,62116
"",5152062,"",3,0.2,1,empty,"","",16,62117
"",5152062,"",3,0.2,1,empty,"","",17,62118
"",5152062,0.7,2,"",-206,93,11,"",107611,62119
"",5152062,0.7,2,"",-235,-13,11,"",131911,62120
"",5152062,0.7,2,"",-248,-152,11,"",107511,62121
"",5152062,0.7,2,"",-243,-277,11,"",107811,62122
"",5152062,0.7,2,"",-151,8,11,"",131411,62123
"",5152062,0.7,2,"",-154,-102,11,"",131311,62124
"",5152062,0.7,2,"",-167,-222,11,"",131511,62125
"",5152062,"",93,"","",0,"","",1.6,62126
"",5152062,"",37,"","",finish,"","",2,62127
"",5152062,"",23,"",0,se_10058300_idle_finish,"","",se_10058300,62128
1,5152062,0.5,27,0,0.5,bgm_MC173B,0,"",bgm_MC173B,62129
"",5152062,"",93,"","",0,"","",0,62130
"",5152062,"",3,0.1,0,clapping_end,"","",107111,62131
"",5152062,"",93,"","",0,"","",2,62132
0,5152062,armcrossed_talk,3,0.2,0,armcrossed_in,1,"",107111,62133
"",5152062,0,21,"",0,vo_rag_2007,"","",vo_rag,62134
35,5152062,1,11,0,10,"これでフィニッシュ！　…見事だ☆\nアイドルの道は険しいが\nオマエたちならやれるだろう",1,0,107111,62135
"",5152062,0,91,"",0,"","","",0,62136
"",5152062,"",3,0.2,1,armcrossed_idle,"","",107111,62137
0,5152062,pack_talk,3,0,0,pack_in,1,"",5,62138
"",5152062,"",23,"",0,se_10058300_pack_appear,"","",se_10058300,62139
0,5152062,idol_poseF_end_emilia_loop,3,0.2,0,idol_poseF_end_emilia_in,1,"",131911,62140
"",5152062,"",93,"","",0,"","",1,62141
"",5152062,0,21,"",0,vo_rag_2008,"","",vo_rag,62142
24,5152062,1,11,5,10,"ねえリア、\nこれってラジーオタイソーなの？",1,0,5,62143
"",5152062,0,91,"",0,"","","",0,62144
"",5152062,"",22,"","",0,"","",0,62145
"",5152062,"",3,0.2,1,idol_poseF_end_emilia_loop_nervous,"","",131911,62146
0,5152062,idol_poseF_end_emilia_loop,3,0,0,idol_poseF_end_emilia_nervous_in,1,"",1,62147
"",5152062,"",3,0.2,1,pack_idle,"","",5,62148
"",5152062,"",3,0.2,1,chris_laugh,"","",107111,62149
"",5152062,"",23,"",0,se_10058300_emotion_idol,"","",se_10058300,62150
5,5152062,0,12,5,2,5,0,0,5,62151
0,5152062,0,12,0,2,10,0,0,107111,62152
"",5152062,"",93,"","",0,"","",2.5,62153
"",5152062,"",101,"","","","","",62155,62154
"",5152062,"",25,"","",bgm_MC173B,"","",bgm_MC173B,62155
"",5152062,"",22,"","",0,"","",0,62156
1,5152063,124,1,1.8,109,131711,-215,ames_sit_idle,1,63001
0,5152063,-119,1,1.8,108,132011,-215,echidna_sit_thinking_idle,1,63002
0,5152063,-119,5,1.8,109,1,-215,empty,1,63003
"",5152063,"",13,"","",209,"","",131711,63004
"",5152063,"",13,"","",208,"","",132011,63005
"",5152063,0,31,1,0,1,1.16,"",1,63006
"",5152063,0,31,1,0,10,1,"",10,63007
"",5152063,0,31,0,0,5,1,"",5,63008
"",5152063,0,31,1,0,3,1,"",3,63009
"",5152063,"",91,"","",0,"","",0,63010
"",5152063,"",37,"","",telop_3,"","",3,63011
"",5152063,"",102,"",0,0,"","",0,63012
"",5152063,"",93,"","",0,"","",1,63013
"",5152063,"",3,0.2,1,echidna_sit_thinking_talk,"","",132011,63014
"",5152063,0,21,"",0,vo_rag_5001,"","",vo_rag,63015
50,5152063,1,11,-20,10,"この世界には『アイドル』という\n種族にのみ伝わる、伝統の\nタイソーとやらがあるらしいね",1,0,132011,63016
"",5152063,0,91,"",0,"","","",0,63017
"",5152063,"",3,0.2,1,echidna_sit_talk,"","",132011,63018
"",5152063,0,21,"",0,vo_rag_5002,"","",vo_rag,63019
50,5152063,1,11,-20,10,"君は智に長けた存在だろう？\nボクにもその動きを\n教えてもらえないかな？",1,0,132011,63020
"",5152063,0,91,"",0,"","","",0,63021
"",5152063,"",3,0.2,1,echidna_sit_idle,"","",132011,63022
0,5152063,ames_yareyare_talk,3,0.2,0,ames_yareyare_in,1,"",131711,63023
"",5152063,0,21,"",0,vo_rag_5003,"","",vo_rag,63024
50,5152063,1,11,20,10,"随分と面倒なこと言ってくれちゃって",1,0,131711,63025
"",5152063,0,91,"",0,"","","",0,63026
"",5152063,"",3,0.2,1,ames_sit_talk,"","",131711,63027
"",5152063,0,21,"",0,vo_rag_5004,"","",vo_rag,63028
50,5152063,1,11,20,10,"色々誤解があるみたいだけど、\nまあいいわ",1,0,131711,63029
"",5152063,0,91,"",0,"","","",0,63030
"",5152063,0,21,"",0,vo_rag_5005,"","",vo_rag,63031
50,5152063,1,11,20,10,"それじゃ、\nあたしと同じ動きをやってみて",1,0,131711,63032
"",5152063,0,91,"",0,"","","",0,63033
0,5152063,idle_normal,3,0.2,0,ames_sit_out,1,"",131711,63034
"",5152063,"",93,"","",0,"","",0.1,63035
0,5152063,idle_normal,3,0.2,0,echidna_sit_out,1,"",132011,63036
"",5152063,"",37,"","",out,"","",10,63037
"",5152063,"",93,"","",0,"","",1,63038
"",5152063,0,91,"",0,"","","",0,63039
"",5152063,"",25,"","",bgm_MC175A,"","",bgm_MC175A,63040
"",5152063,"",32,"","",1,"","",5,63041
"",5152063,"",3,0.2,1,isekai_dance,"","",131711,63042
"",5152063,"",93,"","",0,"","",0.1,63043
"",5152063,"",3,0.2,1,isekai_dance,"","",132011,63044
"",5152063,0,21,"",0,vo_rag_5006,"","",vo_rag,63045
0,5152063,1,11,0,10,"はい、ワンツーワンツー、\nステップステップ…",0,1.7,131711,63046
"",5152063,"",93,"","",0,"","",7,63047
"",5152063,0,91,"",0,"","","",0,63048
"",5152063,0,21,"",0,vo_rag_5007,"","",vo_rag,63049
0,5152063,1,11,0,10,"ワン、ツー…ワン、ツ…\nはぁ、はぁ…\n今日のところは、ここまで、だね…",1,0,132011,63050
"",5152063,"",93,"","",0,"","",3.4,63051
1,5152063,0.5,27,0,0.5,bgm_MC173B,0,"",bgm_MC173B,63052
"",5152063,"",37,"","",out,"","",5,63053
0,5152063,tired_talk,3,0,0,tired_in,1,"",1,63054
0,5152063,echidna_tired_talk,3,0,0,echidna_tired_in,1,"",132011,63055
"",5152063,"",23,"",0,se_10058300_isekai_breath,"","",se_10058300,63056
"",5152063,"",93,"","",0,"","",7.6,63057
"",5152063,0,91,"",0,"","","",63050,63058
"",5152063,"",3,0.2,1,tired_idle,"","",1,63059
"",5152063,"",3,0.2,1,echidna_tired_idle,"","",132011,63060
0,5152063,shock_talk,3,0,0,shock_in,1,"",131711,63061
"",5152063,0,21,"",0,vo_rag_5008,"","",vo_rag,63062
0,5152063,1,11,0,10,"ウソでしょ！　まだちょっとしか\nやってないわよ！",1,0,131711,63063
"",5152063,0,91,"",0,"","","",0,63064
"",5152063,surprise_idle,3,0.2,0,shock_to_surprise,1,"",131711,63065
"",5152063,"",3,0.2,1,empty,"","",1,63066
0,5152063,doya_talk_sad,3,0.2,0,doya_in_sad,1,"",132011,63067
"",5152063,0,21,"",0,vo_rag_5009,"","",vo_rag,63068
0,5152063,1,11,0,10,"これがアイドル…とても過酷だ\nところで…まだ他にも\n色々なタイソーがあるんだろう？",1,0,132011,63069
"",5152063,0,91,"",0,"","","",0,63070
"",5152063,"",3,0.2,1,doya_talk,"","",132011,63071
"",5152063,0,21,"",0,vo_rag_5010,"","",vo_rag,63072
0,5152063,1,11,0,10,"そちらもぜひご教授願いたいね\nああ、ボクは見ているだけで\n大丈夫だよ",1,0,132011,63073
"",5152063,0,91,"",0,"","","",0,63074
"",5152063,"",3,0.2,1,doya_idle,"","",132011,63075
"",5152063,"",3,0.2,1,sad_talk_anger,"","",131711,63076
"",5152063,0,21,"",0,vo_rag_5011,"","",vo_rag,63077
0,5152063,1,11,0,10,"さすがは『強欲の魔女』\n体力は絶望的でも、\nその知的好奇心は無限なのね",1,0,131711,63078
"",5152063,0,91,"",0,"","","",0,63079
0,5152063,doya_idle_normal2,3,0.2,0,doya_to_doya,1,"",132011,63080
0,5152063,cool_talk_joy2,3,0.2,0,cool_in_joy2,1,"",131711,63081
"",5152063,"",23,"",0,se_10058300_emotion_isekai_1,"","",se_10058300,63082
"",5152063,0,12,"",0.8,10,0,"",131711,63083
"",5152063,"",93,"","",0,"","",1.5,63084
"",5152063,"",3,0.2,1,sad_idle_surprise1,"","",132011,63085
"",5152063,"",3,0.2,0,ames_idol_dance,"","",131711,63086
"",5152063,"",93,"","",0,"","",1.8,63087
0,5152063,echidna_interest_talk,3,0.2,0,echidna_interest_in,1,"",132011,63088
"",5152063,"",23,"",0,se_10058300_emotion_isekai_2,"","",se_10058300,63089
"",5152063,0,12,"",2,7,0,"",132011,63090
"",5152063,"",93,"","",0,"","",1.1,63091
"",5152063,"",93,"","",0,"","",0.5,63092
"",5152063,"",101,"","","","","",63094,63093
"",5152063,"",25,"","",bgm_MC173B,"","",bgm_MC173B,63094
"",5152063,"",22,"","",0,"","",0,63095
1,5152064,410,1,1.55,110,102611,-295,idle_normal,1,64001
0,5152064,176,1,1.45,105,107811,-114,cool_idle,1,64002
0,5152064,12,1,1.5,106,102311,-179,joy_idle_normal,1,64003
0,5152064,-177,1,1.45,105,110311,-116,idle_normal,1,64004
0,5152064,-226,1,1.55,107,102111,-258,wish_idle,1,64005
0,5152064,115,1,1.55,107,131911,-260,idle_normal,1,64006
0,5152064,-350,1,1.5,106,122811,-178,doya_idle,1,64007
0,5152064,-391,1,1.6,108,122911,-334,idle_normal,1,64008
0,5152064,-60,1,1.6,108,122711,-330,idle_normal,1,64009
"",5152064,"",13,"","",210,"","",102611,64010
"",5152064,"",13,"","",207,"","",131911,64011
"",5152064,"",13,"","",205,"","",110311,64012
"",5152064,"",13,"","",208,"","",122711,64013
"",5152064,"",13,"","",206,"","",122811,64014
"",5152064,"",13,"","",208,"","",122911,64015
"",5152064,"",13,"","",207,"","",102111,64016
"",5152064,"",13,"","",206,"","",102311,64017
"",5152064,"",13,"","",205,"","",107811,64018
1,5152064,410,5,1.55,115,11,-295,empty,1,64019
0,5152064,115,5,1.55,131,61,-260,empty,1,64020
0,5152064,146,5,1.55,131,62,-134,empty,1,64021
0,5152064,410,5,1.55,132,63,-295,empty,1,64022
0,5152064,-177,5,1.55,132,64,-136,empty,1,64023
"",5152064,40,31,1,0,1,1.3,"",1,64024
"",5152064,-235,31,0,385,13,1,"",13,64025
"",5152064,0,31,0,0,2,1,"",2,64026
"",5152064,0,31,1,0,3,1,"",3,64027
"",5152064,"",91,"","",0,"","",0,64028
"",5152064,"",37,"","",telop_4,"","",3,64029
"",5152064,"",102,"",0,0,"","",0,64030
"",5152064,"",93,"","",0,"","",1,64031
"",5152064,"",3,0.2,1,sad_talk_dead,"","",102611,64032
"",5152064,0,21,"",0,vo_rag_3001,"","",vo_rag,64033
0,5152064,1,11,0,10,"えぇ…うそ、めっちゃ来てるじゃん…\nこんな朝早くからご苦労さんだねぇ…",1,0,102611,64034
"",5152064,0,91,"",0,"","","",0,64035
"",5152064,"",3,0.2,1,talk_normal_surprise,"","",102611,64036
"",5152064,0,21,"",0,vo_rag_3002,"","",vo_rag,64037
0,5152064,1,11,0,10,"ほんとはやりたくないけど、\n体操はじめるよ～",1,0,102611,64038
"",5152064,0,91,"",0,"","","",0,64039
"",5152064,"",3,0.2,1,idle_normal,"","",102611,64040
"",5152064,"",25,"","",bgm_MC175B,"","",bgm_MC175B,64041
"",5152064,"",32,"","",1,"","",2,64042
"",5152064,0,21,"",0,vo_rag_3003,"","",vo_rag,64043
0,5152064,1,11,0,10,"まずはその場で跳躍～\nいち、に、さん…",0,2.2,102611,64044
"",5152064,0,93,"",0,"","","",3.2,64045
0.2,5152064,tired_idle,3,0.2,0,gutara_jump3time,1,"",11,64046
0.2,5152064,tired_idle,3,0.2,0,gutara_jump3time,1,"",102611,64047
"",5152064,0,93,"",0,"","","",0.1,64048
0.2,5152064,idle_normal,3,0.2,0,jump3time,1,"",131911,64049
0.2,5152064,idle_normal,3,0.2,0,jump3time,1,"",122911,64050
0.2,5152064,joy_idle_normal,3,0.2,0,jump3time,1,"",102311,64051
"",5152064,0,93,"",0,"","","",0.1,64052
0.2,5152064,idle_normal,3,0.2,0,jump3time,1,"",107811,64053
0.2,5152064,idle_normal,3,0.2,0,jump3time,1,"",110311,64054
0.2,5152064,wish_idle,3,0.2,0,jump3time,1,"",102111,64055
"",5152064,0,93,"",0,"","","",0.1,64056
0.2,5152064,doya_idle,3,0.2,0,jump3time,1,"",122811,64057
0.2,5152064,idle_normal,3,0.2,0,jump3time,1,"",122711,64058
"",5152064,"",93,"","",0,"","",2.1,64059
"",5152064,"",23,"",0,se_10058300_isekai_breath,"","",se_10058300,64060
"",5152064,"",93,"","",0,"","",1.7,64061
"",5152064,0,91,"",0,"","","",64044,64062
1,5152064,0.5,27,0,0.5,bgm_MC173B,0,"",bgm_MC173B,64063
"",5152064,"",37,"","",out,"","",2,64064
"",5152064,0,21,"",0,vo_rag_3004,"","",vo_rag,64065
"",5152064,1,11,0,10,"…ふぅ、ちょっと休憩しよっか",1,0,102611,64066
"",5152064,0,91,"",0,"","","",0,64067
"",5152064,"",3,0.2,1,talk_normal_shy,"","",107811,64068
"",5152064,0,21,"",0,vo_rag_3005,"","",vo_rag,64069
"",5152064,1,11,0,10,"いくら何でも早すぎるでしょ！？",1,0,107811,64070
"",5152064,0,91,"",0,"","","",0,64071
"",5152064,"",3,0.2,1,idle_normal_shy,"","",107811,64072
"",5152064,"",24,"","",0.3,"","",se_10058300_isekai_breath,64073
"",5152064,"",3,0.2,1,empty,"","",11,64074
"",5152064,"",3,0.2,1,talk_normal_joy,"","",102611,64075
"",5152064,0,21,"",0,vo_rag_3006,"","",vo_rag,64076
"",5152064,1,11,0,10,"じゃあ次は横になって深呼吸～",1,0,102611,64077
"",5152064,0,91,"",0,"","","",0,64078
0,5152064,gutara_sleepy_idle,3,0.2,0,idle_to_layLongHair,1,"",102611,64079
"",5152064,0,93,"",0,"","","",0.2,64080
0,5152064,gutara_breathLongHair_idle,3,0.2,0,idle_to_layLongHair,1,"",131911,64081
0,5152064,gutara_breathShortHair_idle,3,0.2,0,idle_to_layShortHair,1,"",122911,64082
0,5152064,gutara_breathShortHair_idle,3,0.2,0,idle_to_layShortHair,1,"",102311,64083
"",5152064,0,93,"",0,"","","",0.2,64084
0,5152064,gutara_breathLongHair_idle,3,0.2,0,idle_to_layLongHair,1,"",110311,64085
0,5152064,gutara_breathShortHair_idle,3,0.2,0,idle_to_layShortHair,1,"",122711,64086
0,5152064,gutara_breathLongHair_idle,3,0.2,0,idle_to_layLongHair,1,"",107811,64087
"",5152064,0,93,"",0,"","","",0.1,64088
0,5152064,gutara_breathShortHair_idle,3,0.2,0,idle_to_layShortHair,1,"",102111,64089
0,5152064,gutara_breathShortHair_idle,3,0.2,0,idle_to_layShortHair,1,"",122811,64090
"",5152064,1,121,12,1,105,2.8,"",0,64091
"",5152064,0,93,"",0,"","","",2,64092
-120,5152064,0,12,50,1.5,12,0,"",102611,64093
"",5152064,0,93,"",0,"","","",1.5,64094
0,5152064,gutara_sleep2_idle,3,0.2,0,gutara_sleep2_in,1,"",102611,64095
"",5152064,0,93,"",0,"","","",1.5,64096
"",5152064,"",32,"","",1,"","",13,64097
"",5152064,0,21,"",0,vo_rag_3007,"","",vo_rag,64098
-100,5152064,1,11,15,10,"すぅ…むにゃむにゃ…",1,0,102611,64099
"",5152064,0,91,"",0,"","","",0,64100
"",5152064,"",23,"",0,se_10058300_gutara_sleep,"","",se_10058300,64101
"",5152064,"",4,"","",0,"","",11,64102
"",5152064,0,2,"",-310,460,0,"",11,64103
"",5152064,"",3,"",0,gutara_sleep,"","",11,64104
0,5152064,gutara_sleep1_idle,3,0.2,0,gutara_surprise,1,"",107811,64105
"",5152064,0,21,"",0,vo_rag_3008,"","",vo_rag,64106
-40,5152064,1,11,-15,10,"ウソでしょ？　寝てる！？\nやだ、あたしまで眠くなってきた…",0,1.5,107811,64107
"",5152064,"",93,"","",0,"","",6.8,64108
"",5152064,"",93,"","",0,"","",0.5,64109
"",5152064,"",23,"",0,se_10058300_gutara_sleep,"","",se_10058300,64110
"",5152064,"",3,"",0,gutara_sleep2,"","",62,64111
"",5152064,0,91,"",0,"","","",64107,64112
0,5152064,gutara_sleep1_idle,3,0.2,0,gutara_sleep1ShortHair_in,1,"",122911,64113
"",5152064,0,93,"",0,"","","",0.2,64114
0,5152064,gutara_sleep1_idle,3,0.2,0,gutara_sleep1ShortHair_in,1,"",102311,64115
"",5152064,0,93,"",0,"","","",0.2,64116
0,5152064,gutara_sleep1_idle,3,0.2,0,gutara_sleep1ShortHair_in,1,"",122811,64117
"",5152064,0,93,"",0,"","","",1.5,64118
0,5152064,gutara_sleep1_idle,3,0.2,0,gutara_sleepy_in,1,"",110311,64119
"",5152064,0,21,"",0,vo_rag_3009,"","",vo_rag,64120
-110,5152064,1,11,-40,10,"今日は朝が早かったから…\nあたしも…ふあ……",0,1.5,110311,64121
"",5152064,"",93,"","",0,"","",7.4,64122
"",5152064,"",23,"",0,se_10058300_gutara_sleep,"","",se_10058300,64123
"",5152064,"",3,"",0,gutara_sleep,"","",64,64124
"",5152064,0,91,"",0,"","","",64121,64125
0,5152064,gutara_sleep1_idle,3,0.2,0,gutara_sleep1ShortHair_in,1,"",102111,64126
"",5152064,0,93,"",0,"","","",0.2,64127
0,5152064,gutara_sleep1_idle,3,0.2,0,gutara_sleep1ShortHair_in,1,"",122711,64128
"",5152064,0,93,"",0,"","","",4,64129
0,5152064,gutara_notice_talk_shy,3,0.2,0,gutara_notice_in,1,"",131911,64130
"",5152064,0,21,"",0,vo_rag_3010,"","",vo_rag,64131
-50,5152064,1,11,-15,10,"え、みんな寝ちゃったの！？\nびっくり仰天だわ\nみんなを起こさないと…",1,0,131911,64132
"",5152064,0,91,"",0,"","","",0,64133
0,5152064,gutara_notice_talk_dead,3,0.2,0,gutara_notice_to_notice,1,"",131911,64134
"",5152064,0,21,"",0,vo_rag_3011,"","",vo_rag,64135
-50,5152064,1,11,-15,10,"ふわぁ……\nあれ、どうしてかしら、\n私まで急に眠く…すぅ",1,0,131911,64136
"",5152064,0,91,"",0,"","","",0,64137
0,5152064,gutara_sleep1_idle,3,0.2,0,gutara_notice_out,1,"",131911,64138
"",5152064,0,93,"",0,"","","",0.5,64139
"",5152064,"",23,"",0,se_10058300_gutara_sleep,"","",se_10058300,64140
"",5152064,"",3,"",0,gutara_sleep,"","",61,64141
"",5152064,0,93,"",0,"","","",1.3,64142
"",5152064,"",23,"",0,se_10058300_gutara_sleep,"","",se_10058300,64143
"",5152064,0,2,"",-305,-205,0,"",64,64144
"",5152064,"",3,"",0,gutara_sleep2,"","",64,64145
"",5152064,0,93,"",0,"","","",1.3,64146
"",5152064,"",23,"",0,se_10058300_gutara_sleep,"","",se_10058300,64147
"",5152064,0,2,"",-190,-300,0,"",62,64148
"",5152064,"",3,"",0,gutara_sleep,"","",62,64149
"",5152064,0,93,"",0,"","","",2,64150
"",5152064,"",93,"","",0,"","",0.5,64151
"",5152064,"",101,"","","","","",64153,64152
"",5152064,"",25,"","",bgm_MC173B,"","",bgm_MC173B,64153
"",5152064,"",22,"","",0,"","",0,64154
1,5152065,335,1,1.55,109,127111,-280,idle_normal,1,65001
0,5152065,-252,1,1.5,105,132111,-179,wish_idle_normal,1,65002
0,5152065,-74,5,1.5,104,4,-163,doya_idle,4,65003
0,5152065,29,1,1.55,107,131911,-264,idle_normal,1,65004
0,5152065,-346,1,1.55,109,126911,-304,wish_idle_normal,1,65005
0,5152065,-150,1,1.55,108,113111,-285,idle_normal,1,65006
1,5152065,1000,5,1.5,110,6,-280,ghost_dokuro_idle,6,65007
0,5152065,1,6,0,1,1,0,"",6,65008
0,5152065,-507,5,1.5,106,7,-178,idle_normal,7,65009
0,5152065,1,6,0,1,1,0,"",7,65010
"",5152065,"",13,"","",209,"","",127111,65011
"",5152065,"",13,"","",205,"","",132111,65012
"",5152065,"",13,"","",204,"","",4,65013
"",5152065,"",13,"","",207,"","",131911,65014
"",5152065,"",13,"","",209,"","",126911,65015
"",5152065,"",13,"","",208,"","",113111,65016
"",5152065,0,31,1,0,1,1.03,"",1,65017
"",5152065,-178,31,0,-507,14,1,"",14,65018
"",5152065,0,31,0,0,16,1.03,"",16,65019
"",5152065,0,31,0,0,2,1,"",2,65020
"",5152065,0,31,1,0,3,1,"",3,65021
"",5152065,-130,31,0,1000,15,1,"",15,65022
"",5152065,"",91,"","",0,"","",0,65023
"",5152065,"",37,"","",telop_5,"","",3,65024
"",5152065,"",102,"",0,0,"","",0,65025
"",5152065,"",93,"","",0,"","",1,65026
"",5152065,"",3,0.2,1,talk_normal,"","",127111,65027
"",5152065,0,21,"",0,vo_rag_4001,"","",vo_rag,65028
0,5152065,1,11,0,10,"本日の体操のお手本を\n務めさせていただくシノブです",1,0,127111,65029
"",5152065,0,91,"",0,"","","",0,65030
"",5152065,"",3,0.2,1,talk_normal,"","",127111,65031
"",5152065,0,21,"",0,vo_rag_4002,"","",vo_rag,65032
0,5152065,1,11,0,10,"そちらのあなたも一緒にどうぞ\nそれでは始めましょう。いちに、いち…",1,0,127111,65033
"",5152065,0,91,"",0,"","","",0,65034
"",5152065,"",32,"","",1,"","",2,65035
"",5152065,"",25,"","",bgm_MC175C,"","",bgm_MC175C,65036
"",5152065,"",93,"","",0,"","",0.5,65037
"",5152065,"",3,0.3,1,radio_stretch1_loop,"","",127111,65038
"",5152065,"",93,"","",0,"","",0.1,65039
"",5152065,"",3,0.2,1,radio_stretch1_loop,"","",132111,65040
"",5152065,"",3,0.2,1,radio_stretch1_loop,"","",4,65041
"",5152065,"",3,0.2,1,radio_stretch1_loop,"","",131911,65042
"",5152065,"",3,0.2,1,radio_stretch1_loop,"","",126911,65043
"",5152065,"",3,0.2,1,radio_stretch1_loop,"","",113111,65044
"",5152065,"",3,0.2,1,radio_stretch1_loop,"","",7,65045
"",5152065,"",93,"","",0,"","",1,65046
"",5152065,"",32,"","",1,"","",16,65047
"",5152065,"",32,"","",1,"","",14,65048
"",5152065,"",93,"","",0,"","",0.7,65049
"",5152065,1,121,12,1,0,2.8,"",65,65050
"",5152065,"",93,"","",0,"","",1,65051
0,5152065,1,6,1,1,1,1,"",7,65052
"",5152065,"",93,"","",0,"","",2.2,65053
0,5152065,sad_talkR,3,0.2,0,ghost_stretch1_turn,1,"",131911,65054
"",5152065,0,21,"",0,vo_rag_4003,"","",vo_rag,65055
50,5152065,1,11,0,10,"ええと、そっちには誰も…\nきゃあっ！",0,0.5,131911,65056
"",5152065,"",93,"","",0,"","",2.5,65057
0,5152065,shock_loopR,3,0.2,0,shock_inR,1,"",131911,65058
"",5152065,"",93,"","",0,"","",2.1,65059
"",5152065,0,91,"",0,"","","",65056,65060
"",5152065,"",3,0.2,0,ghost_stretch2_turn,"","",131911,65061
"",5152065,"",93,"","",0,"","",0.4,65062
"",5152065,"",3,0.2,1,radio_stretch2R_loop,"","",127111,65063
"",5152065,"",93,"","",0,"","",0.1,65064
"",5152065,"",3,0.2,1,radio_stretch2_loop,"","",132111,65065
"",5152065,"",3,0.2,1,radio_stretch2_loop,"","",4,65066
"",5152065,"",3,0.2,1,radio_stretch2_loop_faceBlue,"","",131911,65067
"",5152065,"",3,0.2,1,radio_stretch2_loop,"","",126911,65068
"",5152065,"",3,0.2,1,radio_stretch2_loop_faceBlue,"","",113111,65069
"",5152065,"",3,0.2,1,radio_stretch2_loop,"","",7,65070
"",5152065,0,21,"",0,vo_rag_4004,"","",vo_rag,65071
50,5152065,1,11,0,10,"お、おいおい、勘弁しとくれよ…",0,0.5,113111,65072
"",5152065,"",93,"","",0,"","",6.6,65073
"",5152065,0,21,"",0,vo_rag_4005,"","",vo_rag,65074
0,5152065,1,11,0,10,"はい、その調子です",0,0.5,127111,65075
"",5152065,"",93,"","",0,"","",3.4,65076
"",5152065,"",37,"","",spread,"","",14,65077
"",5152065,"",93,"","",0,"","",0.3,65078
"",5152065,"",3,0.2,1,radio_stretch1_loop_surprise1,"","",127111,65079
"",5152065,"",93,"","",0,"","",0.1,65080
"",5152065,"",3,0.2,1,radio_stretch1_loop_faceBlue,"","",132111,65081
"",5152065,"",3,0.2,1,radio_stretch1_loop,"","",4,65082
"",5152065,"",3,0.2,1,radio_stretch1_loop_faceBlue,"","",131911,65083
"",5152065,"",3,0.2,1,radio_stretch1_loop,"","",126911,65084
"",5152065,"",3,0.2,1,radio_stretch1_loop_faceBlue,"","",113111,65085
"",5152065,"",3,0.2,1,radio_stretch1_loop,"","",7,65086
"",5152065,"",23,"",0,se_10058300_ghost_cold,"","",se_10058300,65087
"",5152065,"",93,"","",0,"","",1,65088
"",5152065,0,21,"",0,vo_rag_4006,"","",vo_rag,65089
0,5152065,1,11,0,10,"ひゃっ！　ね、姉様…",0,0.5,132111,65090
"",5152065,"",93,"","",0,"","",4.6,65091
"",5152065,0,21,"",0,vo_rag_4007,"","",vo_rag,65092
0,5152065,1,11,0,10,"にーにっ、さんし…",0,0.5,127111,65093
"",5152065,"",93,"","",0,"","",3.7,65094
"",5152065,"",93,"","",0,"","",1.1,65095
"",5152065,0,91,"",0,"","","",0,65096
"",5152065,"",3,0.2,1,radio_stretch2R_loop,"","",127111,65097
"",5152065,"",93,"","",0,"","",0.1,65098
"",5152065,"",3,0.2,1,radio_stretch2_loop_faceBlue,"","",132111,65099
"",5152065,"",3,0.2,1,radio_stretch2_loop,"","",4,65100
"",5152065,"",3,0.2,1,radio_stretch2_loop_faceBlue,"","",131911,65101
"",5152065,"",3,0.2,1,radio_stretch2_loop,"","",126911,65102
"",5152065,"",3,0.2,1,radio_stretch2_loop_faceBlue,"","",113111,65103
"",5152065,"",3,0.2,1,radio_stretch2_loop,"","",7,65104
"",5152065,0,21,"",0,vo_rag_4008,"","",vo_rag,65105
0,5152065,1,11,0,10,"風よ\n風の仕業に決まってるわ\nタイソーに集中なさい、レム",0,0.5,4,65106
"",5152065,"",93,"","",0,"","",5.1,65107
"",5152065,"",93,"","",0,"","",0,65108
"",5152065,"",32,"","",1,"","",15,65109
"",5152065,0.8,33,"",-130,197,11,"",15,65110
"",5152065,0.8,2,"",-280,197,11,"",6,65111
"",5152065,"",23,"",0,se_10058300_ghost_soul,"","",se_10058300,65112
"",5152065,"",93,"","",0,"","",0.5,65113
0,5152065,escape,3,0.2,0,shock_jump,1,"",131911,65114
0,5152065,escape,3,0.2,0,shock_jump,1,"",113111,65115
"",5152065,0,21,"",0,vo_rag_4010,"","",vo_rag,65116
80,5152065,0,11,20,20,"きゃああぁー！",0,0.8,131911,65117
"",5152065,0,21,"",1,vo_rag_4011,"","",vo_rag,65118
80,5152065,0,11,-20,20,"ひ、ひいいいぃー！？",0,0,113111,65119
"",5152065,"",93,"","",0,"","",0.3,65120
"",5152065,"",4,"","",0,"","",6,65121
"",5152065,"",93,"","",0,"","",0.7,65122
"",5152065,2,2,"",-264,-1050,0,"",131911,65123
"",5152065,2,2,"",-285,-1229,0,"",113111,65124
"",5152065,"",37,"","",out,"","",2,65125
"",5152065,"",37,"","",out,"","",16,65126
"",5152065,"",37,"","",out,"","",14,65127
1,5152065,0.5,27,0,0.5,bgm_MC173B,0,"",bgm_MC173B,65128
"",5152065,"",3,0.2,1,idle_normal,"","",7,65129
0,5152065,1,6,1.2,1,1,0,"",7,65130
"",5152065,"",3,0.2,1,sad_idle_normal,"","",127111,65131
"",5152065,"",93,"","",0,"","",0.1,65132
"",5152065,"",3,0.2,1,idle_normal_surprise1,"","",132111,65133
"",5152065,"",3,0.2,1,idle_normal_surprise1,"","",4,65134
"",5152065,"",3,0.2,1,idle_normal,"","",126911,65135
"",5152065,"",93,"","",0,"","",0.1,65136
0,5152065,1,6,1,1,1,1,"",6,65137
"",5152065,"",93,"","",0,"","",2,65138
"",5152065,0,21,"",0,vo_rag_4009,"","",vo_rag,65139
20,5152065,1,11,0,10,"おーい、シノブ…\n捜したんだぞ",1,0,6,65140
"",5152065,"",91,"","","","","",0,65141
"",5152065,"",3,0.2,1,sad_talk_talk2,"","",127111,65142
0,5152065,ghost_dokuro_idleR,3,0.2,0,ghost_dokuro_turn,1,"",6,65143
"",5152065,0,21,"",0,vo_rag_4012,"","",vo_rag,65144
0,5152065,1,11,0,10,"さあ、気を取り直して\n体操を続けましょう",1,0,127111,65145
"",5152065,0,91,"",0,"","","",65145,65146
"",5152065,"",3,0.2,1,radio_stretch1_loop_surprise1,"","",127111,65147
"",5152065,"",93,"","",0,"","",0.1,65148
"",5152065,"",3,0.2,1,radio_stretch1_loop,"","",132111,65149
"",5152065,"",3,0.2,1,radio_stretch1_loop,"","",4,65150
"",5152065,"",3,0.2,1,radio_stretch1_loop,"","",126911,65151
"",5152065,"",93,"","",0,"","",2.5,65152
"",5152065,"",93,"","",0,"","",0.5,65153
"",5152065,"",101,"","","","","",65155,65154
"",5152065,"",25,"","",bgm_MC173B,"","",bgm_MC173B,65155
"",5152065,"",22,"","",0,"","",0,65156
"",5152065,"",22,"","",0,"","",1,65157
0,5152066,-151,1,1.55,108,131911,-259,idle_normal,1,66001
0,5152066,-460,1,1.55,110,132111,-295,wish_idle_normal,1,66002
0,5152066,-305,5,1.55,109,4,-277,doya_idle,4,66003
1,5152066,89,1,1.55,105,107511,-258,idle_normal,1,66004
1,5152066,407,1,1.55,107,107611,-297,wish_idle_normal,1,66005
1,5152066,245,1,1.55,106,107811,-278,cool_idle,1,66006
1,5152066,329,1,1.45,103,126911,-142,wish_idle_normal,1,66007
1,5152066,479,1,1.45,104,110311,-158,idle_normal,1,66008
1,5152066,178,1,1.45,102,113511,-132,sad_idle_normal,1,66009
0,5152066,-151,5,1.55,107,5,-259,empty,5,66010
0,5152066,15,5,0.75,210,2,120,empty,2,66011
"",5152066,"",13,"","",208,"","",131911,66012
"",5152066,"",13,"","",210,"","",132111,66013
"",5152066,"",13,"","",209,"","",4,66014
"",5152066,"",13,"","",205,"","",107511,66015
"",5152066,"",13,"","",207,"","",107611,66016
"",5152066,"",13,"","",206,"","",107811,66017
"",5152066,"",13,"","",203,"","",126911,66018
"",5152066,"",13,"","",204,"","",110311,66019
"",5152066,"",13,"","",202,"","",113511,66020
"",5152066,0,31,1,0,1,1,"",1,66021
"",5152066,0,31,0,0,4,1,"",4,66022
"",5152066,0,31,0,0,2,1,"",2,66023
"",5152066,0,31,1,0,3,1,"",3,66024
"",5152066,0,31,0,0,17,1,"",17,66025
"",5152066,"",91,"","",0,"","",0,66026
"",5152066,"",37,"","",telop_6,"","",3,66027
"",5152066,"",102,"",0,0,"","",0,66028
"",5152066,"",93,"","",0,"","",1,66029
"",5152066,"",3,0.2,1,talk_normal_joy,"","",131911,66030
"",5152066,0,21,"",0,vo_rag_1001,"","",vo_rag,66031
5,5152066,1,11,-10,10,"それじゃあみんな、\nラジーオタイソーをはじめるわ！",1,0,131911,66032
"",5152066,0,91,"",0,"","","",66032,66033
"",5152066,"",3,0.2,1,idle_normal_joy,"","",131911,66034
0,5152066,gutsB_idle,3,0.2,0,gutsB_in,1,"",132111,66035
0,5152066,cool_talk_talk2,3,0.2,0,cool_in_talk2,1,"",4,66036
0,5152066,handsup_loop,3,0.2,0,handsup_in,1,"",107511,66037
"",5152066,"",3,0.2,1,wish_talk,"","",107611,66038
"",5152066,"",3,0.2,1,wish2_idle,"","",126911,66039
"",5152066,"",3,0.2,1,joy_idle,"","",110311,66040
0,5152066,doya_idle_normal2,3,0.2,0,doya_in,1,"",107811,66041
"",5152066,"",3,0.2,1,wish_talk_joy_shy,"","",113511,66042
"",5152066,0,93,"",0,"","","",2.5,66043
"",5152066,"",25,"","",bgm_MC175A,"","",bgm_MC175A,66044
"",5152066,"",32,"","",1,"","",2,66045
"",5152066,"",3,0.2,1,wish_idle_normal,"","",132111,66046
"",5152066,"",3,0.2,1,doya_idle,"","",4,66047
"",5152066,"",3,0.2,1,idle_normal,"","",107511,66048
"",5152066,"",3,0.2,1,wish_idle_normal,"","",107611,66049
"",5152066,"",3,0.2,1,cool_idle,"","",126911,66050
"",5152066,"",3,0.2,1,wish_idle_normal,"","",110311,66051
"",5152066,"",3,0.2,1,idle_normal,"","",107811,66052
"",5152066,"",3,0.2,1,sad_idle_normal,"","",113511,66053
"",5152066,0,21,"",0,vo_rag_1002,"","",vo_rag,66054
5,5152066,1,11,-10,10,"まずはぴょんぴょん跳ねて\n全身をほぐしていきます",0,0.5,131911,66055
"",5152066,"",93,"","",0,"","",0.5,66056
"",5152066,"",3,0.2,1,radio_jump_loop_normal2,"","",131911,66057
"",5152066,0,93,"",0,"","","",1.6,66058
"",5152066,"",3,0.2,1,radio_jump_loop,"","",132111,66059
"",5152066,"",3,0.2,1,radio_jump_loop_talk2,"","",4,66060
"",5152066,0,93,"",0,"","","",0.1,66061
"",5152066,"",3,0.2,1,radio_jump_loop,"","",107511,66062
"",5152066,"",3,0.2,1,radio_jump_loop,"","",107611,66063
"",5152066,"",3,0.2,1,radio_jump_loop,"","",126911,66064
"",5152066,"",3,0.2,1,radio_jump_loop,"","",110311,66065
"",5152066,"",3,0.2,1,radio_jump_loop,"","",107811,66066
"",5152066,"",3,0.2,1,radio_jump_loop,"","",113511,66067
"",5152066,"",93,"","",0,"","",3,66068
"",5152066,0,91,"",0,"","","",66055,66069
"",5152066,0,21,"",0,vo_rag_1003,"","",vo_rag,66070
5,5152066,1,11,-10,10,"ただ跳ねるだけでも\n案外疲れるものね",0,0.5,4,66071
"",5152066,"",93,"","",0,"","",3.2,66072
"",5152066,0,91,"",0,"","","",66071,66073
"",5152066,"",93,"","",0,"","",1.5,66074
"",5152066,"",3,0.3,1,idle_normal,"","",131911,66075
"",5152066,"",3,0.3,1,wish_talk,"","",132111,66076
"",5152066,"",3,0.3,1,cool_idle,"","",4,66077
"",5152066,"",93,"","",0,"","",0.1,66078
"",5152066,"",3,0.3,1,idle_normal,"","",107511,66079
"",5152066,"",3,0.3,1,wish_idle,"","",107611,66080
"",5152066,"",3,0.3,1,wish_idle_normal,"","",126911,66081
"",5152066,"",3,0.3,1,idle_normal,"","",110311,66082
"",5152066,"",3,0.3,1,cool_idle,"","",107811,66083
"",5152066,"",3,0.3,1,sad_idle_normal,"","",113511,66084
"",5152066,0,21,"",0,vo_rag_1004,"","",vo_rag,66085
5,5152066,1,11,10,10,"次は腕と脚の曲げ伸ばしですよ\nはりきっていきましょう",0,0.5,132111,66086
"",5152066,"",93,"","",0,"","",5,66087
"",5152066,0,91,"",0,"","","",66086,66088
"",5152066,"",3,0.3,1,radio_stretch1_loop_surprise1,"","",131911,66089
"",5152066,"",3,0.3,1,radio_stretch1_loop,"","",132111,66090
"",5152066,"",3,0.3,1,radio_stretch1_loop,"","",4,66091
"",5152066,0,93,"",0,"","","",0.1,66092
"",5152066,"",3,0.3,1,radio_stretch1_loop,"","",107511,66093
"",5152066,"",3,0.3,1,radio_stretch1_loop,"","",107611,66094
"",5152066,"",3,0.3,1,radio_stretch1_loop,"","",126911,66095
"",5152066,"",3,0.3,1,radio_stretch1_loop,"","",110311,66096
"",5152066,"",3,0.3,1,radio_stretch1_loop,"","",107811,66097
"",5152066,"",3,0.3,1,radio_stretch1_loop,"","",113511,66098
"",5152066,0,93,"",0,"","","",2,66099
"",5152066,0,21,"",0,vo_rag_1005,"","",vo_rag,66100
5,5152066,1,11,-10,10,"よいしょ、よいしょ……！",0,0.5,131911,66101
"",5152066,"",93,"","",0,"","",5,66102
"",5152066,0,91,"",0,"","","",66101,66103
"",5152066,"",93,"","",0,"","",0.3,66104
"",5152066,"",3,0.3,1,radio_talk_normal,"","",131911,66105
"",5152066,"",3,0.3,1,wish_idle_normal,"","",132111,66106
"",5152066,"",3,0.3,1,cool_idle,"","",4,66107
"",5152066,"",93,"","",0,"","",0.1,66108
"",5152066,"",3,0.3,1,idle_normal,"","",107511,66109
"",5152066,"",3,0.3,1,wish_idle,"","",107611,66110
"",5152066,"",3,0.3,1,wish_idle_normal,"","",126911,66111
"",5152066,"",3,0.3,1,idle_normal,"","",110311,66112
"",5152066,"",3,0.3,1,cool_idle,"","",107811,66113
"",5152066,"",3,0.3,1,sad_idle_normal,"","",113511,66114
"",5152066,0,21,"",0,vo_rag_1006,"","",vo_rag,66115
5,5152066,1,11,-10,10,"さあ、今度は横曲げの運動よ\n弾みをつけてやってね",0,0.5,131911,66116
"",5152066,"",93,"","",0,"","",4.3,66117
"",5152066,0,91,"",0,"","","",66116,66118
"",5152066,"",3,0.2,1,radio_stretch2_loop,"","",131911,66119
"",5152066,"",3,0.2,1,radio_stretch2_loop_normal2,"","",132111,66120
"",5152066,"",3,0.2,1,radio_stretch2_loop_talk2,"","",4,66121
"",5152066,0,93,"",0,"","","",0.2,66122
"",5152066,"",3,0.2,1,radio_stretch2R_loop,"","",107511,66123
"",5152066,"",3,0.2,1,radio_stretch2R_loop,"","",107611,66124
"",5152066,"",3,0.2,1,radio_stretch2R_loop,"","",126911,66125
"",5152066,"",3,0.2,1,radio_stretch2R_loop,"","",110311,66126
"",5152066,"",3,0.2,1,radio_stretch2R_loop,"","",107811,66127
"",5152066,"",3,0.2,1,radio_stretch2R_loop,"","",113511,66128
"",5152066,0,93,"",0,"","","",1.5,66129
5,5152066,1,11,-10,20,"ふっ、ふっ、ふっ……",0,0,4,66130
"",5152066,"",93,"","",0,"","",0.2,66131
"",5152066,0,21,"",0,vo_rag_1007,"","",vo_rag,66132
"",5152066,"",93,"","",0,"","",2.5,66133
"",5152066,0,91,"",0,"","","",66130,66134
"",5152066,0,21,"",0,vo_rag_1008,"","",vo_rag,66135
5,5152066,1,11,10,10,"なんというキレのある動き……\nさすがです、姉様",0,0.5,132111,66136
"",5152066,"",93,"","",0,"","",4.5,66137
"",5152066,0,91,"",0,"","","",66136,66138
"",5152066,"",93,"","",0,"","",0.5,66139
0,5152066,radio_victory_loop_normal2,3,0.2,0,radio_victory_in_normal2,1,"",131911,66140
0,5152066,radio_victory_loop_normal2,3,0.2,0,radio_victory_in_normal2,1,"",132111,66141
0,5152066,radio_victory_loop,3,0.2,0,radio_victory_in,1,"",4,66142
"",5152066,"",3,0.2,1,idle_normal,"","",107511,66143
"",5152066,"",3,0.2,1,wish_idle,"","",107611,66144
"",5152066,"",3,0.2,1,wish_idle_normal,"","",126911,66145
"",5152066,"",3,0.2,1,idle_normal,"","",110311,66146
"",5152066,"",3,0.2,1,cool_idle,"","",107811,66147
"",5152066,"",3,0.2,1,sad_idle_normal,"","",113511,66148
"",5152066,0,21,"",0,vo_rag_1009,"","",vo_rag,66149
5,5152066,1,11,-10,10,"最後は両手を掲げて、びくとりー！",0,0.5,131911,66150
"",5152066,0,93,"",0,"","","",1.5,66151
0,5152066,radio_victory_loop_normal2,3,0.2,0,radio_victory_in_normal2,1,"",107511,66152
0,5152066,radio_victory_loop_normal2,3,0.2,0,radio_victory_in_normal2,1,"",107611,66153
0,5152066,radio_victory_loop,3,0.2,0,radio_victory_in,1,"",126911,66154
0,5152066,radio_victory_loop_normal2,3,0.2,0,radio_victory_in_normal2,1,"",110311,66155
0,5152066,radio_victory_loop_normal2,3,0.2,0,radio_victory_in_normal2,1,"",107811,66156
0,5152066,radio_victory_loop_normal2,3,0.2,0,radio_victory_in_normal2,1,"",113511,66157
"",5152066,"",93,"","",0,"","",0.8,66158
0,5152066,radio_victory_idle,3,0.2,0,radio_victory_out,1,"",131911,66159
"",5152066,"",93,"","",0,"","",1.8,66160
"",5152066,0,91,"",0,"","","",66150,66161
0,5152066,radio_victory_idle,3,0.2,0,radio_victory_out,1,"",132111,66162
0,5152066,radio_victory_idle_talk2,3,0.2,0,radio_victory_out_talk2,1,"",4,66163
0,5152066,radio_victory_idle,3,0.2,0,radio_victory_out,1,"",107511,66164
0,5152066,radio_victory_idle,3,0.2,0,radio_victory_out,1,"",107611,66165
0,5152066,radio_victory_idle,3,0.2,0,radio_victory_out,1,"",126911,66166
0,5152066,radio_victory_idle,3,0.2,0,radio_victory_out,1,"",110311,66167
0,5152066,radio_victory_idle,3,0.2,0,radio_victory_out,1,"",107811,66168
0,5152066,radio_victory_idle,3,0.2,0,radio_victory_out,1,"",113511,66169
"",5152066,0,21,"",0,vo_rag_1010,"","",vo_rag,66170
"",5152066,"",3,0,"",0610_in,0,"",2,66171
1,5152066,0.5,27,0,0.5,bgm_MC173B,0,"",bgm_MC173B,66172
"",5152066,"",23,"",0,se_10058300_radio_finish,"","",se_10058300,66173
"",5152066,"",37,"","",finish,"","",2,66174
"",5152066,0,93,"",0,1,"","",0.4,66175
"",5152066,"",3,0,0,0610_mid,0,"",2,66176
"",5152066,0,92,"",0,"","","","",66177
0,5152066,empty,3,0,0,0610_out,0,"",2,66178
"",5152066,0,93,"",0,0,"","",0.3,66179
0,5152066,pack_vic_idle,3,0.2,0,pack_vic_in,1,"",5,66180
"",5152066,"",23,"",0,se_10058300_pack_appear,"","",se_10058300,66181
"",5152066,"",3,0.2,1,radio_victory_idle,"","",131911,66182
"",5152066,0,93,"",0,"","","",0.1,66183
"",5152066,"",3,0.2,1,radio_victory_idle,"","",132111,66184
"",5152066,"",3,0.2,1,radio_victory_idle_talk2,"","",4,66185
"",5152066,0,93,"",0,"","","",0.1,66186
"",5152066,"",3,0.2,1,radio_victory_lookup2_idle,"","",107511,66187
"",5152066,"",3,0.2,1,radio_victory_lookup_idle,"","",107611,66188
"",5152066,"",3,0.2,1,radio_victory_lookup_idle,"","",126911,66189
"",5152066,"",3,0.2,1,radio_victory_lookup2_idle,"","",110311,66190
"",5152066,"",3,0.2,1,radio_victory_lookup2_idle,"","",107811,66191
"",5152066,"",3,0.2,1,radio_victory_lookup_idle,"","",113511,66192
"",5152066,0,93,"",0,"","","",0.3,66193
"",5152066,0,21,"",0,vo_rag_1011,"","",vo_rag,66194
5,5152066,1,11,0,10,"びくとりー！",1,0,5,66195
"",5152066,0,91,"",0,"","","",0,66196
"",5152066,"",23,"",0,se_10058300_emotion_laugh,"","",se_10058300,66197
"",5152066,"",32,"","",1,"","",17,66198
0,5152066,sad_idle_joy,3,0.2,0,smile2_joy,1,"",131911,66199
"",5152066,"",3,0.2,1,wish_talk,"","",132111,66200
0,5152066,doya_idle,3,0.2,0,doya_in_normal,1,"",4,66201
0,5152066,handsup_loop,3,0.2,0,handsup_in,1,"",107511,66202
"",5152066,"",3,0.2,1,wish_idle_dere,"","",107611,66203
"",5152066,"",3,0.2,1,wish2_idle,"","",126911,66204
"",5152066,"",3,0.2,1,joy_idle,"","",110311,66205
0,5152066,cool_talk_dere2,3,0.2,0,cool_in_dere2,1,"",107811,66206
"",5152066,"",3,0.2,1,wish_talk_joy_shy,"","",113511,66207
"",5152066,"",93,"","","","","",2,66208
"",5152066,"",32,"","",1,"","",4,66209
"",5152066,"",93,"","","","","",1,66210
"",5152066,"",93,"","",0,"","",0.5,66211
"",5152066,"",101,"","","","","",66213,66212
"",5152066,"",25,"","",bgm_MC173B,"","",bgm_MC173B,66213
"",5152066,"",22,"","",0,"","",0,66214
0,5152067,-60,1,1.5,53,107511,-254,top_idle_normal,1,67001
"",5152067,"",93,"","",0,"","",0.5,67002
"",5152067,"",101,"","","","","",67004,67003
0,5152067,top_doya_talk,3,0.2,0,top_doya_in,1,"",107511,67004
"",5152067,0,21,"",0,vo_rag_0101,"","",vo_rag,67005
-92,5152067,1,11,80,10,"どんな体操でも楽しむ準備は万全です。一緒にがんばりましょう！",1,0,107511,67006
"",5152067,"",93,"","",1,"","",3.7,67007
"",5152067,"",102,"",0,0,"","",0,67008
0,5152068,-60,1,1.5,53,107511,-254,top_idle_normal,1,68001
"",5152068,"",93,"","",0,"","",0.5,68002
"",5152068,"",101,"","","","","",68004,68003
"",5152068,"",3,0.2,1,top_surprise3_loop,"","",107511,68004
"",5152068,0,21,"",0,vo_rag_0102,"","",vo_rag,68005
-92,5152068,1,11,80,10,"体操した後に食べるごはん…これはもう絶対おいしいですよ☆",1,0,107511,68006
"",5152068,"",93,"","",1,"","",3.6,68007
"",5152068,"",102,"",0,0,"","",0,68008
0,5152069,-60,1,1.5,53,107611,-254,top_idle_normal,1,69001
"",5152069,"",93,"","",0,"","",0.5,69002
"",5152069,"",101,"","","","","",69004,69003
"",5152069,"",3,0.2,1,top_sad_talk,"","",107611,69004
"",5152069,0,21,"",0,vo_rag_0201,"","",vo_rag,69005
-92,5152069,1,11,80,10,"ここで習った体操のことは、必ずや主さまにお伝えいたします",1,0,107611,69006
"",5152069,"",93,"","",1,"","",3.3,69007
"",5152069,"",102,"",0,0,"","",0,69008
0,5152070,-60,1,1.5,53,107611,-254,top_idle_normal,1,70001
"",5152070,"",93,"","",0,"","",0.5,70002
"",5152070,"",101,"","","","","",70004,70003
"",5152070,"",3,0.2,1,top_wish_talk_normal,"","",107611,70004
"",5152070,0,21,"",0,vo_rag_0202,"","",vo_rag,70005
-92,5152070,1,11,80,10,"押されたスタンプは努力の証。大切な宝物となることでしょう",1,0,107611,70006
"",5152070,"",93,"","",1,"","",3.3,70007
"",5152070,"",102,"",0,0,"","",0,70008
0,5152071,-60,1,1.5,53,107811,-254,top_idle_normal,1,71001
"",5152071,"",93,"","",0,"","",0.5,71002
"",5152071,"",101,"","","","","",71004,71003
0,5152071,top_cool_talk,3,0.2,0,top_cool_in,1,"",107811,71004
"",5152071,0,21,"",0,vo_rag_0301,"","",vo_rag,71005
-92,5152071,1,11,80,10,"ほら、シャキッとしなさい。ダラダラやってるとケガするわよ",1,0,107811,71006
"",5152071,"",93,"","",1,"","",3.8,71007
"",5152071,"",102,"",0,0,"","",0,71008
0,5152072,-60,1,1.5,53,107811,-254,top_idle_normal,1,72001
"",5152072,"",93,"","",0,"","",0.5,72002
"",5152072,"",101,"","","","","",72004,72003
0.2,5152072,top_armcrossed_talk_nervous,3,0.2,0,top_armcrossed_talk_shy,1,"",107811,72004
"",5152072,0,21,"",0,vo_rag_0302,"","",vo_rag,72005
-92,5152072,1,11,80,10,"子どもじゃあるまいしスタンプでよろこんだりは…悪くないわね",1,0,107811,72006
"",5152072,"",93,"","",1,"","",3.2,72007
"",5152072,"",102,"",0,0,"","",0,72008
0,5152073,-60,1,1.5,53,131911,-254,top_idle_normal,1,73001
"",5152073,"",93,"","",0,"","",0.5,73002
"",5152073,"",101,"","","","","",73004,73003
"",5152073,"",3,0.2,1,top_wish_talk_joy,"","",131911,73004
"",5152073,0,21,"",0,vo_rag_0401,"","",vo_rag,73005
-92,5152073,1,11,80,10,"夏の海辺でラジーオタイソーができるなんて、すごーく楽しみ！",1,0,131911,73006
"",5152073,"",93,"","",1,"","",3.6,73007
"",5152073,"",102,"",0,0,"","",0,73008
0,5152074,-60,1,1.5,53,131911,-254,top_idle_normal,1,74001
"",5152074,"",93,"","",0,"","",0.5,74002
"",5152074,"",101,"","","","","",74004,74003
0,5152074,"",3,0.2,1,top_gutsB_talk,"","",131911,74004
"",5152074,0,21,"",0,vo_rag_0402,"","",vo_rag,74005
-92,5152074,1,11,80,10,"みんなのタイソーも教えてもらえるのよ。しゃかりき頑張るわ！",1,0,131911,74006
"",5152074,"",93,"","",1,"","",3.6,74007
"",5152074,"",102,"",0,0,"","",0,74008
0,5152075,-10,1,1.9,60,131911,-330,empty,1,75001
0,5152075,-10,5,1.9,61,1,-330,empty,1,75002
0,5152075,-192,1,1.9,58,132111,-315,empty,1,75003
0,5152075,-192,5,1.9,59,2,-315,empty,1,75004
0,5152075,163,5,1.9,57,4,-312,empty,4,75005
0,5152075,-132,1,1.75,54,107511,-165,empty,1,75006
0,5152075,-292,1,1.75,55,107811,-175,empty,1,75007
0,5152075,-452,1,1.75,56,107611,-190,empty,1,75008
1,5152075,105,1,1.75,51,110311,-165,empty,1,75009
1,5152075,265,1,1.75,52,126911,-175,empty,1,75010
1,5152075,425,1,1.75,53,113511,-190,empty,1,75011
0,5152075,15,5,1.9,59,5,-324,empty,5,75012
"",5152075,0,31,0,0,90,1,"",90,75013
"",5152075,"",91,"","",0,"","",0,75014
"",5152075,"",93,"","",0,"","",0.6,75015
"",5152075,"",32,"","",1,"","",90,75016
"",5152075,"",93,"","",0,"","",0.1,75017
"",5152075,"",3,0,0,comp_victory_F_noFace,"","",131911,75018
"",5152075,"",3,0,0,comp_victory_F_emilia,"","",1,75019
"",5152075,"",3,0,0,comp_victory_F_noFace,"","",132111,75020
"",5152075,"",3,0,0,comp_victory_F_rem,"","",2,75021
"",5152075,"",3,0,0,comp_victory_F,"","",4,75022
"",5152075,"",3,0,0,comp_victory_B,"","",107511,75023
"",5152075,"",3,0,0,comp_victory_B,"","",107811,75024
"",5152075,"",3,0,0,comp_victory_B_kokkoro,"","",107611,75025
"",5152075,"",3,0,0,comp_victory_B,"","",110311,75026
"",5152075,"",3,0,0,comp_victory_B,"","",126911,75027
"",5152075,"",3,0,0,comp_victory_B,"","",113511,75028
0,5152075,pack_comp_vic_idle,3,0,0,pack_comp_vic_in,1,"",5,75029
"",5152075,"",93,"","",0,"","",4.5,75030
"",5152075,"",37,"","",out,"","",90,75031
0,5152075,1,6,0.1,1,1,0,"",131911,75032
0,5152075,1,6,0.1,1,1,0,"",1,75033
0,5152075,1,6,0.1,1,1,0,"",132111,75034
0,5152075,1,6,0.1,1,1,0,"",2,75035
0,5152075,1,6,0.1,1,1,0,"",4,75036
0,5152075,1,6,0.1,1,1,0,"",107511,75037
0,5152075,1,6,0.1,1,1,0,"",107811,75038
0,5152075,1,6,0.1,1,1,0,"",107611,75039
0,5152075,1,6,0.1,1,1,0,"",110311,75040
0,5152075,1,6,0.1,1,1,0,"",126911,75041
0,5152075,1,6,0.1,1,1,0,"",113511,75042
0,5152075,1,6,0.1,1,1,0,"",5,75043
"",5152075,"",93,"","",0,"","",1,75044
