reading_id,panel_id,detail_text,reading,read_type,version
1000100,10001,"빨갛고 새콤달콤한 과일.","사과",1,1
1000101,10001,"사람이 먹을 수 있는 열매. 사과는 가을이 제철.","과일",1,1
1000102,10001,"지혜의 나무가 된다는 과일. 실은 사과가 아니었다는 설도 있다든가 없다든가.","선악과",1,1
1000103,10001,"홍차에 사과 향을 더해 향긋한 차. 푸딩과 함께 먹으면 즐거운 오후를 보낼 수 있다.","애플티",1,1
1000104,10001,"「빨강」의 영어 표현. 사과하면 빨강색이지만 초록색 사과도 있다.","레드",2,1
1000200,10002,"강하고 검고 울끈불끈. 바나나를 아주 좋아하는 생물.","고릴라",1,1
1000201,10002,"고릴라의 용맹한 울음소리를 나타낸 의성어.","우오오",1,1
1000202,10002,"동물을 분류하는 학술적 기준. 인간도 영장류다.","영장류",1,1
1000300,10003,"특정 금관악기를 하나로 합친 호칭.","나팔",1,1
1000301,10003,"우렁찬 소리로 아침을 깨우는 나팔. 트라우마가 남을 수 있으니 주의.","기상나팔",1,1
1000302,10003,"악기의 분류 중 하나. 또한 「색소폰 연습」 같은 프리코네 읽기는 있을 것 같지만 없음.","금관악기",1,1
1000400,10004,"따뜻한 지역에서 자라는 노랗고 새콤달콤한 과일.","파인애플",1,1
1000401,10004,"사람이 먹을 수 있는 열매. 참고로 파인애플은 땅에서 자란다.","과일",1,1
1000402,10004,"1년 이상 자라는 식물 칭하는 말.","다년생 식물",1,1
1000403,10004,"「파인애플」의 다른 말.","아나나스",2,1
1000500,10005,"보석의 왕녀라고도 불리는 선명한 붉은색의 보석.","루비",1,1
1000501,10005,"「보석」의 영어 표현.","주얼리",1,1
1000502,10005,"보석처럼 귀한 가치가 있는 물건.","보물",2,1
1000503,10005,"「위스타리아 가문」의 영애 「아키노」가 몸에 지니고 있는 아름다운\n브로치.","아키노의 브로치",3,1
1000504,10005,"단백석이라고도 불리는 보석. 귀걸이로 만들면 아주 예쁘다.","오팔",1,1
1000505,10005,"보상으로 받는 보석은 늘 기쁨이 가득.","리워드",1,1
1000506,10005,"세상에서 가장 단단한 보석. 금강석이라고도 한다. 빨간색도 있다.","다이아몬드",1,1
1000600,10006,"술을 담는 잔.","술잔",1,1
1000601,10006,"「맥주」의 영어 표현.","비어",2,1
1000602,10006,"「유카리」의 전용 장비. 마셔도 마셔도 끝없이 솟아난다.","이터널 저그",3,1
1000603,10006,"거품이 부드러운 생맥주. 목 넘김이 일품이다.","크림 생맥주",1,1
1000604,10006,"병을 따면 거품이 일어나는 술 또는 맥아 비율이 낮은 술을 칭하는 말.","발포주",1,1
1000605,10006,"수분 보충, 갈증 해소를 위해 마시는 것.","음료",1,1
1000606,10006,"맥주는 드라이한 맛이 일품.","드라이",1,1
1000607,10006,"감자, 호밀, 또는 혼합곡물 발효를 통해 만든 증류주. 도수가 높다.","보드카",1,1
1000700,10007,"활의 시위에 매겨 먼 곳을 향해 쏘는 무기.","화살",1,1
1000701,10007,"「활」의 영어 표현.","보우",1,1
1000702,10007,"사냥꾼이 먼 곳에서 사냥감을 노릴 때 쓰는 도구.","사냥꾼의 도구",2,1
1000703,10007,"오랜 옛날 동국의 옆 나라에서 사용했다는 작은 활.","애기살",1,1
1000704,10007,"신중히 겨냥하고, 발사!","발사해",2,1
1000800,10008,"목소리를 이용한 음악.","노래",2,1
1000801,10008,"음악의 시간을 구성하는 기본 단위.","박자",2,1
1000802,10008,"동국의 옆 나라에서 민중들 사이에서 널리 전해졌다는 노래.","고려가요",1,1
1000803,10008,"뛰어난 여가수 또는 여배우. 노조미야말로 디바가 아닐까.","디바",1,1
1000804,10008,"일정한 법칙에 따른 화음의 연결을 의미하는 말. 조화로운 음악은 공격력도 올려준다.","하모니",1,1
1000805,10008,"느린 2박자의 춤곡.","파반느",1,1
1000806,10008,"레코드 플레이어의 턴테이블에 걸어 소리를 들을 수 있게 만든 동그란 판. 요즘 다시 찾는 사람이 많아졌다.","레코드",1,1
1000900,10009,"그림의 색을 입히기 위한 재료.","물감",1,1
1000901,10009,"공간과 시각의 아름다움을 표현하는 예술.","미술",1,1
1000902,10009,"물감을 짜고 섞을 때 필요한 도구.","팔레트",1,1
1000903,10009,"이빨을 닦을 때 필요한 도구 중 하나.","치약",1,1
1001000,10010,"실제 전투에서 사용할 수 있도록 날을 예리하게 갈아둔 검.","진검",1,1
1001001,10010,"「페코린느」의 전용 장비. 페코린느에게 한층 더 힘을 주는 「왕가의 장비」의 진정한 모습.","프린세스 소드",3,1
1001002,10010,"「싸움」의 다른 표현.","전투",1,1
1001003,10010,"검을 쓰는 기술 또는 검에서 뿜어져 나오는 기운.","검기",1,1
1001004,10010,"작은 칼. 공격 거리가 짧은 대신 가벼워서 다루기 쉽다.","소검",2,1
1001005,10010,"칼집에서 칼을 빼는 동작.","발도",1,1
1001006,10010,"영험한 힘을 가진 검을 말한다.","영검",1,1
1001007,10010,"칼에 다친 상처를 이렇게 부르기도 한다. ","도창",1,1
1001100,10011,"시력을 보정하기 위해 눈가에 착용하는 도구.","안경",1,1
1001101,10011,"길드 하우스의 관리인 「카린」이 쓰고 있는 안경.","카린의 안경",3,1
1001102,10011,"병 바닥 같은 두꺼운 렌즈를 사용한 안경.","두꺼운 안경",1,1
1001103,10011,"시력이 안 좋은 상태 또는 그런 사람.","약시",1,1
1001200,10012,"범죄를 수사해 범인을 체포하는 경찰.","형사",1,1
1001201,10012,"볼록렌즈를 사용한 확대용 도구. 카스미가 애용한다.","루페",1,1
1001202,10012,"「카스미」의 특기. 디텍티브 루페로 작은 단서도 놓치지 않는다.","사건추적",1,1
1001203,10012,"디텍티브 루페에 포착되면 카스미의 검문이 있을지 모르니 긴장해야\n한다.","검문",2,1
1001204,10012,"루페로 샅샅이 관찰한 결과에 대한 자신의 소견을 밝혀보자.","견해",2,1
1001300,10013,"구우면 육즙이 흐르는 멋진 식재료.","고기",1,1
1001301,10013,"기름기와 힘줄을 발라낸 순 살코기. 요리하기 딱 좋다.","살코기",1,1
1001302,10013,"「고기」의 영어 표현.","미트",1,1
1001303,10013,"고기를 먹는 것. 단백질 섭취는 중요하다.","육식",1,1
1001304,10013,"「고기」의 방언.","괴기",2,1
1001305,10013,"뼈를 제거하지 않고 구운 스테이크.","티본 스테이크",1,1
1001306,10013,"평소에 먹기 어려운 특별하고 맛있는 음식.","별미",1,1
1001307,10013,"술을 마실 때 곁들여 먹는 음식. 고기는 최고의 안주.","술 안주",1,1
1001400,10014,"「달」의 라틴어 표현.","루나",1,1
1001401,10014,"달에 사는 토끼가 하고 있는 일.","떡방아",1,1
1001402,10014,"동그랗게 빛나는 상태의 달.","보름달",1,1
1001403,10014,"잠들지 못하거나 충분히 수면을 취하지 못하는 증상.","수면장애",2,1
1001404,10014,"해가 진 뒤의 풍경. 맑은 날이면 더욱 아름답다.","야경",1,1
1001405,10014,"선잠에 빠졌다가 눈을 뜨면 달이 떠있는 경우도 있다.","선잠",2,1
1001500,10015,"몇 안 되는 하늘을 나는 포유류. 피를 빠는 이미지가 있지만 흡혈종은 극소수밖에 없다.","박쥐",1,1
1001501,10015,"대표적인 감기 바이러스의 일종. 박쥐에서 발견된 바이러스도 있다.","코로나",2,1
1001502,10015,"널리 퍼뜨리고 전하는 일. 본의 아니게 무언가를 퍼뜨리고 말았다.","전파",1,1
1001600,10016,"괴상하게 생긴 물체. 보통과 다르면 괴물이라고 불리는 일이 많다.","괴물",1,1
1001601,10016,"랜드솔 전역에 나타나는 괴물의 총칭.","마물",1,1
1001602,10016,"적으로 대하는 것. 평화를 위협하는 마물은 매가 약.","적대적",1,1
1001603,10016,"주식으로 고기를 먹는 동물. 마물의 고기도 잘 요리하면 맛있음.","육식 동물",1,1
1001604,10016,"「마물」을 이렇게 부르는 곳도 있다.","요괴",1,1
1001605,10016,"「뻐꾸기」의 영어 표현.","쿠쿠",1,1
1001700,10017,"발에 신는 것. 자갈이나 껌 등으로부터 발바닥을 보호하는 문명의 극치.","구두",1,1
1001701,10017,"다리를 덮는 긴 신발. 특히 긴 끈으로 매게 되어있는 것은 세련도에서 타의 추종을 불허함.","장화",1,1
1001702,10017,"발걸음도 가볍게! 미미랑 둘이서 산책이라도 갈까?","발걸음",1,1
1001800,10018,"고양잇과의 포유류. 인간과 친숙한 동물로, 그 귀여움 앞에 인간은 그저 무력.","고양이",1,1
1001801,10018,"어린 고양이를 귀엽게 부르는 영어 표현.","키티",1,1
1001802,10018,"고양이를 가리키는 유아어. 의외로 어른도 이렇게 말함.","야옹이",1,1
1001803,10018,"고양이들. 타마키가 밥을 주고 있는데, 지출이 만만치 않은 듯.","타마키의 친구",3,1
1001804,10018,"고양이의 대표적인 호칭. 어원은 알려지지 않았음.","나비",1,1
1001805,10018,"고양이를 닮은 고양잇과 포유류. 멸종위기 야생동물.","살쾡이",1,1
1001806,10018,"고양이하면 떠오르는 것. 쥐에게 지는 고양이도 있다고 함.","쥐의 천적",1,1
1001900,10019,"어류의 일반적인 이름. 먹으면 머리가 좋아진다는 소문.","물고기",2,1
1001901,10019,"관상용의 빨갛고 작은 어류. 잿날에 건지지 않을 수 없는 얄미운 녀석.","금붕어",1,1
1001902,10019,"어류의 일반적인 이름. 나이를 먹으면 고기보다 먹고 싶어진다고 함.","생선",1,1
1001903,10019,"어류의 한 종류. 구워 먹으면 맛있음.","임연수어",1,1
1002000,10020,"「쥐」의 영어 표현. 귀여워서 사랑받는 쪽은 대체로 마우스.","마우스",1,1
1002001,10020,"이런저런 이유로 쥐를 높여 부르는 말. 쥐생원이라고도 함.","쥐선생",1,1
1002002,10020,"「쥐」의 영어 표현. 과학 실험에 사용되는 쪽은 대체로 래트.","래트",1,1
1002003,10020,"쥐목 쥣과에 속하는 동물. 사실 치즈는 별로 좋아하지 않음.","생쥐",1,1
1002004,10020,"하수도 바닥이나 수쳇구멍의 바닥을 부르는 말. 쥐가 살기 좋은 환경 중 하나.","시궁창",1,1
1002005,10020,"물건이나 자재를 저장하거나 보관하는 곳을 부르는 말. 쥐가 살기 좋은 환경 중 하나.","창고",1,1
1002100,10021,"암컷 새가 낳은 껍데기로 둘러싸인 구형의 물체.","계란",1,1
1002101,10021,"수정이 이루어진 알. 품으면 병아리가 태어남.","유정란",1,1
1002102,10021,"달걀만으로 만들 수 있는 요리 중 하나. 폭신하고 달달한 맛이 일품.","달걀말이",1,1
1002103,10021,"어린 생물. 기본적으로 작고 귀여움.","어린애",1,1
1002104,10021,"「둥지」의 영어 표현.","네스트",1,1
1002105,10021,"살아가는데 필요한 먹을거리. 미식전의 필수품.","식량",1,1
1002106,10021,"알을 낳는 것을 의미한다.","산란",1,1
1002107,10021,"선물로 주고 받는 색칠한 달걀.","이스터 에그",1,1
1002200,10022,"바다 또는 강을 유람하는 것이 목적인 배.","유람선",1,1
1002201,10022,"가장 유명한 전함.","거북선",1,1
1002202,10022,"바다 건너 먼 나라와 무역하는 것이 목적인 배.","무역선",1,1
1002203,10022,"무엇에도 얽매이지 않고 마음대로 할 수 있는 상태.","자유",1,1
1002204,10022,"사람과 차량을 운반하는 배. 연락선이라고도 함.","페리",2,1
1002205,10022,"배를 탐. 때로는 아주 긴 여행의 시작점.","승선",1,1
1002300,10023,"소에게서 나온 유즙. 그대로 마시는 건 물론, 치즈나 버터 등으로 가공할 수 있는 우수한 식품.","우유",1,1
1002301,10023,"성장기에 우유를 많이 마시면 키가 잘 큰다고 함. 운동까지 더하면 금상첨화.","키 성장",1,1
1002302,10023,"우유에 든 이당류. 충분히 소화하지 못하면 속이 불편해지니 주의.","유당",1,1
1002303,10023,"목장에 울려퍼지는 엘리자베스의 울음소리.","음~메",1,1
1002400,10024,"초콜릿의 원료. 함량이 많을수록 쓴 맛이 난다.","카카오",1,1
1002401,10024,"멋진 음식.","과자",1,1
1002402,10024,"입 안에 달콤하게 퍼지는 초콜릿. 에리코의 특제 초콜릿에는 달콤함과 사랑이 가득.","달달한 초코",1,1
1002500,10025,"딱딱한 나무 열매. 사람이 먹기에는 그다지 적당치 않으나 아이들의 수집욕을 자극하는 매혹의 나무 열매.","도토리",1,1
1002501,10025,"견과류를 즐겨 먹는 동물. 튼튼한 앞니로 단단한 껍데기를 쪼갬.","다람쥐",2,1
1002502,10025,"딱딱한 껍데기로 둘러싸인 식용 열매. 과자에 넣거나 술안주로 먹는 등 다양하게 사용됨.","견과류",1,1
1002600,10026,"「딸기」의 영어 표현.","스트로베리",1,1
1002601,10026,"사람이 먹을 수 있는 열매. 정확히 분류하면 딸기는 과채류.","과일",1,1
1002602,10026,"케이크는 선물로 인기가 있다.","선물",1,1
1002603,10026,"잘 익은 딸기는 새콤함과 달콤함의 조화가 절묘.","달콤새콤 딸기",1,1
1002700,10027,"고양잇과의 대형 맹수. 육식.","호랑이",1,1
1002701,10027,"주위를 살피면서 지킴. 맹수가 있는 곳은 특히 조심.","경계",1,1
1002702,10027,"「호랑이」의 영어 표현.","타이거",1,1
1002703,10027,"생태계의 기본 법칙. 약자는 먹히고 강자는 먹는다.","약육강식",1,1
1002704,10027,"주식으로 고기를 먹는 동물. 튼튼한 이빨로 뼈도 씹는다고 함.","육식 동물",1,1
1002705,10027,"사람이 기르지 않는, 산에 사는 짐승을 의미한다.","산짐승",1,1
1002800,10028,"귀여운 토끼를 본 따 만든 인형.","귀여운 인형",1,1
1002801,10028,"천을 봉합하고 솜 등을 채워 사람이나 동물을 닮게 만든 것.","봉제인형",1,1
1002802,10028,"깊이 들지 못하고 자주 깨는 잠. 초식동물의 비애.","토끼잠",1,1
1002900,10029,"미소기가 들고 다니는 장난도구. 장난이라기엔 위험함.","장난도구",3,1
1002901,10029,"한번 제대로 혼나는 게 좋다.","미소기의 장난 도구",3,1
1002902,10029,"언제 터질지 모르는 일촉즉발의 상황.","위기",1,1
1002903,10029,"어이쿠.","어이쿠",1,1
1003000,10030,"박과의 커다란 과실. 녹색 줄무늬가 있는 껍데기, 붉은 과육과 검은 씨가 인상적.","수박",1,1
1003001,10030,"차가운 시냇물에 한참 담가둔 수박. 수박은 역시 차갑게 먹어야 함.","시원한 수박",1,1
1003002,10030,"여름의 느낌을 나타내는 것들. 수박 외에 바다나 불꽃놀이 등.","여름의 풍물시",1,1
1003100,10031,"말과의 포유류. 말에 비해 작지만 힘이 세고 노동력에 도움이 됨.","당나귀",1,1
1003101,10031,"어느 명장이 탔다는 준마 또는 발이 빠른 말을 이르는 말.","적토마",1,1
1003102,10031,"길들지 않은 야생의 말. 뒷말에 채이면 정말 아픔.","야생마",1,1
1003103,10031,"세 필의 말이 끄는 마차를 이르는 말.","트로이카",1,1
1003200,10032,"「의자」의 영어 표현.","체어",1,1
1003201,10032,"나무로 만든 의자.","나무의자",2,1
1003202,10032,"나무로 된 가구를 만들때 쓰는 본드. 떨어지지 않게 잘 붙이자.","목재용 본드",1,1
1003300,10033,"육지 이외의 오목한 곳에 연속해서 물이 차 있는 장소.","바다",1,1
1003301,10033,"바람이 불지 않고 파도도 크지 않은 바다.","잔잔한 바다",2,1
1003302,10033,"「해변」의 영어 표현.","비치",1,1
1003303,10033,"해변. 해수욕장으로 이용되기도 한다. 여기서 음식을 먹으면 왠지 매우 맛있다.","해안",1,1
1003304,10033,"모래로만 이루어진 해변. 성을 만들거나 파묻혀보는 등, 즐기는 법은 무한대.","모래사장",1,1
1003305,10033,"랜드솔에서 도보로 갈 수 있는 인기 해변이지만 마물이 자주 나타나므로 의외로 위험함.","마르젠 해안",3,1
1003306,10033,"바다에 놀러 가기 딱 좋은 계절.","한여름",1,1
1003307,10033,"서머 브라이트 포스!","여름",1,1
1003308,10033,"휴양지로 인기가 많은 어느 도시.","파타야",1,1
1003309,10033,"해초를 먹으며 사는 갑각류 생물.","소라",2,1
1003400,10034,"조개껍데기를 짊어지고 생활하는 갑각류.","소라게",1,1
1003401,10034,"머리를 보호하기 위한 보호구.","투구",1,1
1003402,10034,"갑각류에 함유된 키틴을 가공한 물질. 콜레스테롤 분해에 특효.","키토산",1,1
1003403,10034,"기사처럼 창과 투구를 장비한 게.","기사 게",1,1
1003404,10034,"적으로 대하는 것. 사람을 공격하는 마물은 반드시 퇴치.","적대적",2,1
1003405,10034,"창을 다루는 기술.","창술",1,1
1003500,10035,"일반적으로 목관악기를 가리키는 말. 세로피리와 가로피리로 나뉨.","피리",1,1
1003501,10035,"최고 음역의 관악기. 아름답고 깨끗한 음색이 특징.","플루트",1,1
1003600,10036,"글자나 그림을 쓰고 그리기 위한 문구.","노트",1,1
1003601,10036,"날마다 그날 겪은 일이나 생각 따위를 적는 기록. 함부로 보면 안 됨.","일기",1,1
1003602,10036,"여러 가지 사항을 모아 해설을 붙인 책.","사전",1,1
1003603,10036,"문장의 특색 또는 양식. 구어체, 문어체 같은 것도 문체.","문체",1,1
1003604,10036,"기괴한 내용의 문자. 악필도 괴문자의 일종.","괴문자",1,1
1003605,10036,"사실에 근거하여 쓴 작품. 수기, 자서전 따위를 말함.","논픽션 서적",1,1
1003606,10036,"유명한 저서를 남긴 철학자. 신은 죽었다!","니체",1,1
1003607,10036,"마법을 기록한 책. 이것을 사용해 마법을 쓰기도 함.","마도서",1,1
1003700,10037,"어류의 일반적인 이름. 구이, 탕, 회 등 뭐든 맛있음.","생선",1,1
1003701,10037,"「생선」의 다른 말.","물고기",1,1
1003702,10037,"생선의 한 종류. 다랑어도 종류가 많음.","다랑어",1,1
1003703,10037,"생선의 한 종류. 커다랗기로 유명하다.","피라루쿠",1,1
1003704,10037,"알에서 깬지 얼마 안 되는 어린 물고기.","치어",1,1
1003705,10037,"생선의 한 종류. 구워먹으면 맛있다.","메로",2,1
1003800,10038,"나무를 말함.","트리",1,1
1003801,10038,"산나무로 만든 트리. 크리스마스를 위해 정성스럽게 장식함.","산나무트리",1,1
1003802,10038,"줄기나 가지가 목질인 여러해살이 식물. 아낌없이 준다.","나무",1,1
1003803,10038,"길드 하우스에는 늘 화기애애한 분위기가 감돈다.","화기애애",1,1
1003804,10038,"살아 있는 나무를 말함. ","수목",2,1
1003805,10038,"크리스마스에 장식으로 쓰는 겨우살이의 영어 표현. 빨간 열매가 열린다.","미슬토",1,1
1003900,10039,"설탕 등을 바짝 졸여 굳힌 과자.","사탕",1,1
1003901,10039,"식사 끝에 먹는 과자나 과일.","디저트",1,1
1003902,10039,"깨물어 먹어도, 녹여 먹어도 맛있는 캔디.","달콤한 캔디",1,1
1003903,10039,"새콤한 체리 향이 첨가된 캔디. 분홍빛이 먹음직스러움.","체리맛 캔디",1,1
1004000,10040,"「망치」의 영어 표현.","해머",1,1
1004001,10040,"옛 성기사의 망치. 단죄는 무거운 법.","팔라딘 해머",1,1
1004002,10040,"이노리의 무기. 사랑스러운 동작으로 전개되는 공격은 흉악함.","이노리의 무기",3,1
1004100,10041,"「별」의 영어 표현.","스타",1,1
1004101,10041,"「유성」을 일상적으로 이르는 말.","별똥별",1,1
1004102,10041,"다섯 개의 꼭짓점과 변을 가진 다각형.","오각형",1,1
1004103,10041,"밤에 볼 수 있는 풍경.","야경",1,1
1004200,10042,"머리에 쓰는 장신구.","모자",1,1
1004201,10042,"옷차림이나 말투, 행동 등을 상황에 맞춤.","격식",1,1
1004202,10042,"암흑가를 무대로 한 범죄와 폭력 세계를 다룬 작품.","느와르물",1,1
1004203,10042,"까만색 모자.","검은 모자",1,1
1004204,10042,"챙이 둥글게 달린 신사용의 모자.","양복 모자",1,1
1004300,10043,"「컵」 종류 중 일부.","머그잔",2,1
1004301,10043,"커피 가루를 끓인 물에 타서 마시는 차.","티 커피",1,1
1004302,10043,"카카오나무 열매의 씨를 빻은 가루를 끓인 물에 타서 마시는 차.","코코아",1,1
1004303,10043,"쓴 음료. 어른의 맛.","아메리카노",1,1
1004304,10043,"커피나 음료 간식 등을 파는 곳.","카페",1,1
1004305,10043,"한의학에서 쓰이는 약, 주로 달여서 마신다고 한다.","한약",1,1
1004306,10043,"커피 가루를 물에 잠기게 하여 추출하는 도구.","프렌치 프레스",1,1
1004307,10043,"수분 보충, 피로회복을 위한 액체. 카페인은 각성제로 쓰임.","음료",1,1
1004400,10044,"멍멍 짖는 동물.","강아지",1,1
1004401,10044,"좋아하여 가까이 두고 귀여워하며 기르는 개. 「반려견」이라고도 함.","애완견",1,1
1004402,10044,"「개」의 영어 표현.","도그",1,1
1004403,10044,"주인에게 버림 받은 개. 사랑으로 보듬어주자.","유기견",1,1
1004404,10044,"동국에서 유래한 귀여운 개의 한 종류. 볼살이 귀엽다.","시바",1,1
1004500,10045,"「깃발」의 영어 표현.","플래그",1,1
1004501,10045,"여러 사람에게 알리기 위하여 내붙이거나 내걸어 두루 보게 하는 물건.","게시",1,1
1004502,10045,"적을 치기 위해 앞으로 나아감.","진격",1,1
1004503,10045,"지역을 선점했을 때, 또는 적지를 점령하였을 때 드는 깃발.","승리의 깃발",1,1
1004600,10046,"선물로 최적.","선물",2,1
1004601,10046,"축하할 만한 기쁜 날.","경사",1,1
1004602,10046,"태어난 것을 축하해주는 날.","생일",1,1
1004603,10046,"딸기를 주 원료로 하는 케이크.","스트로베리 케이크",1,1
1004604,10046,"친목을 도모하거나 무엇을 기념하기 위한 잔치나 모임.","파티",1,1
1004700,10047,"소리를 신호로 변환하는 장치.","마이크",2,1
1004701,10047,"마이크는 노래의 필수품!","노래",1,1
1004800,10048,"「립스틱」의 다른 말. 원래는 빨갛다는 의미.","루주",1,1
1004801,10048,"화장품을 바르거나 문질러 얼굴을 곱게 꾸미는 일.","화장",1,1
1004802,10048,"「스즈나」의 전용 장비. 그 선명한 빨간색은 가련함과 요염함을 겸비해, 이걸 바른 입술로부턴 누구라도 눈을 뗄 수 없다.","크리티컬 키스",3,1
1004803,10048,"주로 화장을 하는 성별. 최근에는 남자도 화장을 하는 일이 늘고 있다.","여자",1,1
1004900,10049,"유자를 주 원료로 하는 떡, 유자의 상큼한 향을 느낄 수가 있다.","유자떡",1,1
1004901,10049,"「떡」의 영어 표현.","라이스 케이크",1,1
1004902,10049,"떡의 켜 사이에 깔거나 떡의 겉에 묻히는 곡물가루.","떡고물",1,1
1004903,10049,"기쁜 일이 있을 때 음식을 차려 놓고 여러 사람이 모여 즐기는 일.","잔치",1,1
1004904,10049,"폭신폭신한 과자. 입 안에서 살살 녹는 맛이다.","마시멜로",1,1
1005000,10050,"작고 날개 달린 종족.","요정",1,1
1005001,10050,"「요정」의 영어 표현.","페어리",1,1
1005002,10050,"하의로 입는 의류의 한 종류. 마츠리는 스스로 안 어울릴거라고 생각하고 있지만 분명히 귀여울 것이 틀림없다.","치마",1,1
1005100,10051,"비나 햇빛을 피하는 도구.","우산",1,1
1005101,10051,"비가 올 때 펴서 손에 들고 머리 위를 가리는 물건.","비우산",2,1
1005102,10051,"주로 햇빛을 피하기 위한 우산.","양산",1,1
1005103,10051,"여름철에 여러 날을 계속해서 비가 내리는 현상이나 날씨.","장마",2,1
1005104,10051,"일기의 변화를 예측하여 미리 알리는 일.","일기예보",1,1
1005200,10052,"난수를 발생시키기 위한 도구.","주사위",1,1
1005201,10052,"규칙을 정해 놓고 승부를 겨루는 놀이.","게임",1,1
1005202,10052,"재물 따위를 다 써서 없앰.","탕진",1,1
1005203,10052,"일반적인 주사위 모양.","정육면체",1,1
1005204,10052,"아이들이 가지고 노는 물건.","장난감",1,1
1005205,10052,"내기. 주사위 눈으로 일희일비.","도박",2,1
1005206,10052,"여섯 개의 평면으로 둘러싸인 입체.","육면체",1,1
1005300,10053,"다른 곳에 있는 사람에게 소식을 적은 종이.","기별",1,1
1005301,10053,"편지나 서류를 넣기 위하여 종이로 만든 주머니.","봉투",1,1
1005302,10053,"안부, 소식, 용무를 적어 보내는 글.","서한",1,1
1005303,10053,"편지글에서, 상대편을 높여 이름 다음에 붙여 쓰는 말.","귀하",1,1
1005304,10053,"「편지」의 영어 표현.","메일",1,1
1005305,10053,"편지를 카드라고 말하기도 한다. 크리스마스 카드가 대표적.","카드",1,1
1005400,10054,"「포도」의 영어 표현.","그레이프",1,1
1005401,10054,"「포도」 종류 중 일부.","거봉",1,1
1005402,10054,"과일로 담근 술.","과일주",1,1
1005403,10054,"「포도」의 한 종류, 산기슭에서 자란다.","머루",1,1
1005500,10055,"양의 새끼. 복슬복슬하고 귀엽다.","어린양",1,1
1005501,10055,"양의 새끼. 어른보다 작은 소리로 운다.","아기양",1,1
1005502,10055,"암벽으로 이루어진 산에서 서식하는 양.","산양",1,1
1005503,10055,"양의 머리, 늑대가 변장할 때 쓰인다.","양머리",2,1
1005600,10056,"콩으로 만드는 동국 요리.","두부",1,1
1005601,10056,"콩으로 만든 음식, 매우 부드럽다.","부드러운 두부",1,1
1005700,10057,"날 수 없는 새. 꽥꽥 운다.","오리",1,1
1005701,10057,"「거위」의 영어 표현.","구스",1,1
1005702,10057,"날 수 없는 새. 꽉꽉 운다.","거위",1,1
1005800,10058,"하늘을 나는 곤충.","잠자리",1,1
1005801,10058,"「잠자리」의 영어 표현. 강할 것 같다.","드래곤 플라이",1,1
1005802,10058,"「잠자리」 종류 중 일부. 크다.","장수잠자리",2,1
1005900,10059,"느릅나뭇과의 낙엽 활엽 교목.","느티나무",1,1
1005901,10059,"「잎」의 영어 표현.","리프",1,1
1005902,10059,"세포벽과 엽록소를 가지고 광합성을 하는 생물.","식물",1,1
1005903,10059,"상쾌한 맛이 나는 허브의 한 종류. 민트라고도 한다.","박하",1,1
1006000,10060,"고마움을 나타낼 때 행동.","감사",1,1
1006001,10060,"금으로 만든 물건을 통틀어 이르는 말.","금붙이",2,1
1006002,10060,"보석 장식으로 손가락에 끼는 고리.","보석 반지",1,1
1006003,10060,"보석으로 만든 장신구.","주얼리",1,1
1006004,10060,"사람의 몸치장으로 차는, 귀금속으로 만든 장식물.","패물",1,1
1006100,10061,"「밧줄」의 영어 표현.","로프",1,1
1006101,10061,"심하게 압박을 느낌, 누군가에게는 아닐 수 있다.","강박",1,1
1006200,10062,"무기와 방어구로 무장한 병사.","기사",2,1
1006201,10062,"무언가를 지키거나 보호해주는 행위.","경비",1,1
1006202,10062,"공격을 막기 위한 판 모양의 나무 방어구.","나무방패",1,1
1006203,10062,"단속하기 위하여 주의 깊게 살피는 행위.","감시",1,1
1006204,10062,"천체도가 새겨진 둥근 방패.","별을 노래하는 방패",3,1
1006205,10062,"갑옷같이 튼튼한 방패.","아머실드",1,1
1006300,10063,"랜드솔에서 사용되는 통화 단위. 음식이 아니다.","루피",1,1
1006301,10063,"부를 뽐내기 위해 하는 행동.","플렉스",1,1
1006302,10063,"재화가 많은 사람.","부자",1,1
1006303,10063,"돈을 다 써버렸다.","탕진",1,1
1006304,10063,"근로자가 노동의 대가로 사용자에게 받는 보수.","임금",1,1
1006305,10063,"용기나 의욕이 생기도록 기운을 북돋아 주기 위해 주는 돈.","격려금",1,1
1006306,10063,"「호화롭다」, 「사치스럽다」는 뜻의 프랑스어 표현.","디럭스",1,1
1006307,10063,"「돈」의 영어 표현. 음식이 아니다.","머니",1,1
1006308,10063,"작은 것이라도 모이고 모이면 나중에 큰 것이 된다는 속담.","티끌 모아 태산",1,1
1006400,10064,"식후에 먹는 거야. 푸딩이 딱인 거야.","디저트",1,1
1006401,10064,"푸딩은 달달한 거야. 푸딩인거야.","달달해",1,1
1006402,10064,"모든 푸딩은 미야코의 것인 거야.","미야코의 간식",3,1
1006403,10064,"와플이 아니라 푸딩에 뿌려도 맛있다.","메이플",2,1
1006500,10065,"「네크리스」의 다른 말.","목걸이",1,1
1006501,10065,"목 부분을 꾸미는 액세서리.","네크리스",1,1
1006502,10065,"몸치장을 하는 데 쓰는 물건.","장신구",1,1
1006503,10065,"환하게 빛나며 곱고 아름답다.","화려",1,1
1006600,10066,"「쌀」의 종류중 하나 식감이 거칠지만 영양가는 좋다.","귀리",1,1
1006601,10066,"「쌀」의 영어 표현.","라이스",1,1
1006602,10066,"경작지에 자라나 있는 곡물 및 열매.","논밭의 곡식",1,1
1006603,10066,"사람이 먹는 쌀·보리·콩·조·수수와 같은 곡물.","식량",1,1
1006604,10066,"산간 지역의 경사진 땅을 계단처럼 만든 논.","계단식 논",1,1
1006605,10066,"일을 할 때에 부르는 노래. 노래와 함께라면 힘듦도 잊는다.","노동요",1,1
1006606,10066,"동국의 옆 나라에 있다는 큰 곡창 지대. 많은 강들이 지난다.","호남평야",1,1
1006700,10067,"맛을 돋우기 위하여 넣어 먹는 걸쭉한 액체.","소스",1,1
1006701,10067,"콩으로 메주를 쑤어 소금물에 담근 뒤에 그 즙액을 달여서 진하게 만든 장.","진간장",2,1
1006800,10068,"동력을 써서 움직이거나 일을 하는 장치.","기계",1,1
1006801,10068,"밀가루로 주원료로 하여 구운 비스킷.","쿠키",1,1
1006802,10068,"언젠가는 이리야의 무릎베개를 체험할 수 있을지 모른다.","노고",1,1
1006900,10069,"랜드솔 거리도, 길드하우스도 환하게!","전구",2,1
1007000,10070,"짜다.","소금",1,1
1007001,10070,"단맛을 내는 데 사용하는 조미료.","감미료",2,1
1007100,10071,"세차게 소용돌이치는 조류의 흐름.","소용돌이",1,1
1007101,10071,"강에 흐르는 물. 깊은 곳에 들어가지 마시오.","강물",2,1
1007102,10071,"강원도·충청북도·경기도·서울특별시를 동서로 흘러 서해로 흘러들어 가는 강.","한강",1,1
1007103,10071,"일반적으로 비튼다는 뜻으로 사용하는 말, 이 말과는 다르게 과거에 인기 있는 춤 중 하나이다.","트위스트",1,1
1007104,10071,"강이나 바다의 폭이 좁아 물살이 센 곳. 쓸려가지 않도록 조심!","여울목",1,1
1007105,10071,"빗물이나 오수가 흘러내려 가도록 만든 곳. 마치 소용돌이처럼 빨려 들어간다.","하수구",1,1
1007106,10071,"목이 긴 마물이 서식한다는 소문이 있으나 본 사람은 없다.","네스 호",1,1
1007200,10072,"솜씨는 프로급인 것 같다.","루카의 취미",3,1
1007201,10072,"낚시나 그물로 물고기를 잡음.","물고기 잡이",1,1
1007202,10072,"낚시를 하다 보면 깊은 생각에 잠길 때도 있다. ","잠기다",2,1
1007300,10073,"여러 조리 과정을 거쳐 음식을 만듦.","요리",2,1
1007301,10073,"끼니에 음식을 먹음.","식사",1,1
1007302,10073,"모두 정말 좋아함. 냄새를 맡은 순간 벌써 먹고 싶어지는 향신료의 마술.","카레",1,1
1007303,10073,"차나 국을 끓일 때 나는 맛이나 냄새.","구수",1,1
1007304,10073,"카오리의 몸이 단백질을 원한다고 한다. 고기가 들어간 요리는 어떨까?","주문",1,1
1007400,10074,"양 끝에 타고 끼익 쿵.","시소",1,1
1007401,10074,"무거운 물건을 움직이는 데에 쓰는 막대기.","지레",1,1
1007402,10074,"위로 아래로~ 올라갔다~ 내려갔다.","위아래",1,1
1007403,10074,"그네를 타는 미사키는 즐거워 보였다.","그네",1,1
1007500,10075,"종이, 붓, 먹, 벼루의 4가지 문방구.","문방사우",1,1
1007501,10075,"먹으로 짙고 엷음을 이용하여 그린 그림.","수묵화",1,1
1007502,10075,"니논이 좋아하는 동국의 문화 중 하나.","니논의 관심사",3,1
1007503,10075,"벼루에 먹을 갈아 만든 검은 물.","검정 먹물",1,1
1007504,10075,"붓으로 쓰기 위한 도구.","서예도구",1,1
1007505,10075,"동국에서는 이걸로 메모를 쓴다입니다!","메모",1,1
1007506,10075,"쿠루미는 모르는 한자가 없다. 아마도.","한문",1,1
1007600,10076,"팔을 이루는 근육을 통틀어 이르는 말, 힘을 과시할 때 이 근육을 보여준다.","팔근육",1,1
1007601,10076,"트레이닝 기구.","아령",1,1
1007700,10077,"유령인 거야. 푸딩을 내놓는 거야.","유령",1,1
1007701,10077,"도깨비인 거야. 푸딩을 내놓는 거야.","도깨비",1,1
1007702,10077,"사물의 성질, 모양, 상태 따위가 바뀌어 달라지는 것.","형태 변화",1,1
1007703,10077,"환히 속까지 비추어 보임, 유령은 속까지 보이는 거야.","투영",2,1
2000100,20001,"서로 맞붙어 치고받으며 싸우는 것.","격투술",3,1
2000101,20001,"히요리의 말버릇이자 좌우명.","그냥 둘 수 없어",3,1
2000200,20002,"【트윙클 위시】의 한결같은 순정 힐러.","유이",1,1
2000201,20002,"주위에서 의외라고 생각하는 것 같다.","마코토의 소꿉친구",3,1
2000202,20002,"병이나 상처 따위를 낫게 하는 유이의 특기.","치료",3,1
2000300,20003,"【트윙클 위시】의 쿨한 검사. 낚시가 취미기도 하다.","레이",1,1
2000301,20003,"레이의 숨은 특기.","승마",2,1
2000302,20003,"검술이 뛰어난 사람. 바로 레이.","검술사",3,1
2000400,20004,"【리틀 리리컬】의 장난 담당. 3명 중에서도 분위기 메이커이다.","미소기",1,1
2000401,20004,"장난 스킬에 있어 견줄 사람은 없다고 할 정도로 장난의 달인.","장난꾸러기",3,1
2000402,20004,"크기가 작은 폭탄에 숨을 불어넣어 크기와 위력을 증가시켜 적에게 던지는 기술.","트릭 보머",3,1
2000403,20004,"달을 본 뜬 격투 무기. 미소기가 더 강해질 수 있다.","문 세스타스",3,1
2000500,20005,"【왕궁기사단(NIGHTMARE)】 소속. 히어로를 동경하는 소녀.","마츠리",1,1
2000501,20005,"정의를 사랑하는 뜨거운 심장은 누구에게도 지지 않슴다!","영웅 견습생",3,1
2000502,20005,"마츠리가 동경하는 전설의 영웅.","트라 타이거",3,1
2000503,20005,"공명정대한 영웅.","정의의 히어로",3,1
2000600,20006,"【악마왕국군(디아볼로스)】의 쌍둥이로, 깜찍한 여동생.","아카리",1,1
2000601,20006,"똑 닮았지만 성격은 정반대?","요리의 여동생",3,1
2000602,20006,"말 그대로 그 귀여움으로 사람을 현혹한다.","소악마",2,1
2000700,20007,"【악마왕국군(디아볼로스)】의 푸딩을 매우 좋아하는 유령.","미야코",1,1
2000701,20007,"유령으로 변신하는거야.","형태 변화",3,1
2000702,20007,"물체의 그림자를 어떤 물체 위에 비추는 것.","투영",2,1
2000703,20007,"떠다니거나 벽을 빠져나갈 수 있지만 하는 일은 푸딩 훔쳐 먹기 정도.","유령",3,1
2000800,20008,"【바이스플뤼겔 랜드솔 지부】의 아름다움 담당.","유키",1,1
2000801,20008,"여자처럼 꾸민 남자.","여장 남자",2,1
2000802,20008,"귀엽고 유아적이며 소녀스러운 패션.","로리타",2,1
2000803,20008,"손톱에 매니큐어를 귀엽게 바르거나 액세서리 등으로 장식함.","네일아트",2,1
2000804,20008,"자신을 아름답다고 생각하며 사랑함.","자기애",2,1
2000900,20009,"【트와일라이트 캐러밴】 멤버이자 치염전귀연옥혈맹암흑단 단장. 암흑 기사로서 종언 전쟁을 끝낸 구세계의 영웅.","안나",1,1
2000901,20009,"마법 공격력을 증가시키는 안나의 EX 스킬.","패차명멸옥염주",3,1
2000902,20009,"안나가 주인공을 부르는 말.","시구르드",3,1
2000903,20009,"전생을 기억한다는 안나는 자주 전생 이야기를 한다.","전생 이야기",3,1
2001000,20010,"【자경단(카온)】의 의지할 수 있는 우아한 길드 마스터.","마호",1,1
2001001,20010,"왕자님, 함께 산책하지 않으시겠사옵니까♪","느릿느릿 산보",3,1
2001002,20010,"천을 봉합해 솜 등을 채워 사람이나 동물을 닮게 만든 것.","봉제인형",2,1
2001003,20010,"마호는 복실복실한 꼬리를 가진 여우 수인이다.","여우",2,1
2001100,20011,"【라비린스】 소속의 자칭 여동생. 열심히 노력하는 수험생.","리노",1,1
2001101,20011,"여동생이다. 설령 자칭이라도 여동생인 것이다.","여동생",3,1
2001102,20011,"바보라도 좋다. 건강하게 살았으면 좋겠다.","바보",3,1
2001200,20012,"【포레스티에】의 잠자는 초능력 소녀.","하츠네",1,1
2001201,20012,"잠이 아주 많은 사람.","잠꾸러기",3,1
2001202,20012,"시오리 정~말 좋아!","시오리의 언니",3,1
2001203,20012,"시오링의 언니.","피곤한 엘프",3,1
2001204,20012,"잠자는 중에도 초능력이 발동해서 이 상태가 됨.","플라이",3,1
2001300,20013,"【트와일라이트 캐러밴】의 엄청 귀엽고 최고로 강한 마법 소녀.","나나카",1,1
2001301,20013,"나나카의 자기소개에 쓰여있는 단어.","귀요미",3,1
2001302,20013,"마법을 쓰는 소녀. 몇 살까지 마법 소녀라 자칭할 수 있을지는 전문가들 사이에서도 견해가 엇갈린다.","마법 소녀",3,1
2001303,20013,"만화나 애니메이션과 같은 한 분야에 심취한 사람.","오타쿠",2,1
2001400,20014,"【자경단(카온)】의 두뇌파 미소녀 명탐정.","카스미",1,1
2001401,20014,"사고와 행동 면에서 타당한 규범과 기준을 취급하는 탐정.","논리적인 탐정",2,1
2001402,20014,"학식이 넓고 아는 것이 많은 탐정.","박학다식한 탐정",2,1
2001403,20014,"사건을 일으킨 범죄자의 신병을 구속하는 것.","사건 범인 검거",2,1
2001500,20015,"【포레스티에】의 길드 마스터. 모성이 넘치고 넘치는 언니.","미사토",1,1
2001501,20015,"학생을 가르치는 사람.","선생님",2,1
2001502,20015,"마물마저 키운다.","보육 교사",3,1
2001503,20015,"미사토 선생님의 말버릇.","어머머",3,1
2001504,20015,"어린아이들의 논리력을 키우는 일은 중요하다.","논리력 증강",2,1
2001505,20015,"인간의 신과 이웃에 대한 사랑을 이룬다.","아가페",2,1
2001600,20016,"【루센트 학원】의 공부를 싫어하는 천진난만한 갸루. 구구단은 외울 수 있게 됐어…?","스즈나",1,1
2001601,20016,"카리스마가 넘치는 모델.","패션 모델 스즈나",1,1
2001700,20017,"【자경단(카온)】 소속의 노래와 춤을 사랑하는 남국 소녀.","카오리",1,1
2001701,20017,"류큐견 너클 애로우!","류큐 공수도",3,1
2001702,20017,"카오리의 고향 인사. 안녀~엉!","안녕~",3,1
2001703,20017,"카오리의 말버릇이자 좌우명.","어떻게든 될 거야",3,1
2001704,20017,"어떤 일도 노력하면 어떻게 될 거라고 믿는 느긋한 소녀.","느긋한 남국 소녀",3,1
2001705,20017,"긴 타원형이고 돌기로 덮여 있는 열대 아시아가 원산지인 열매로 만든 요리.","여주 요리",3,1
2001800,20018,"【루센트 학원】의 섹시한 신입 교사.","이오",1,1
2001801,20018,"신입이지만, 학생에게 바싹 다가가는 좋은 선생님.","선생님",3,1
2001900,20019,"【리틀 리리컬】의 응석꾸러기 담당. 랄랄라~ 랄랄라~♪","미미",1,1
2002000,20020,"【사렌디아 구호원】의 울보여도, 겁쟁이여도, 용기를 내서 열심히 하는 여자아이.","쿠루미",1,1
2002001,20020,"작아도 유명한 여배우.","여배우",3,1
2002100,20021,"【악마왕국군(디아볼로스)】의 쌍둥이로, 언니인 츤데레 샤이걸.","요리",1,1
2002101,20021,"화려한 손놀림.","게이머",2,1
2002102,20021,"얼굴은 닮아도 성격은 다르다.","아카리의 언니",3,1
2002200,20022,"【사렌디아 구호원】 소속. 얌전해 보이지만 그녀가 휘두르는 푸우키치는 의외로 강렬.","아야네",1,1
2002300,20023,"【사렌디아 구호원】의 사랑스러운 덜렁이 메이드.","스즈메",1,1
2002301,20023,"주인님을 진심으로 모시겠습니다.","메이드",3,1
2002400,20024,"칠칠치 못해도 할 때는 한다… 아마도… 분명…","게으름뱅이",3,1
2002401,20024,"갈참나무, 졸참나무, 물참나무, 떡갈나무의 열매를 통틀어 이르는 말.","도토리",2,1
2002402,20024,"돈 잘 쓰고 잘 노는 사람을 비유적으로 이르는 말.","한량",2,1
2002500,20025,"사랑을 위해서라면 여러 가지를 파괴한다.","파괴",2,1
2002501,20025,"대상에 대한 태도가 긍정적이고 능동적임.","적극적",3,1
2002600,20026,"사렌이다.","사렌디아 구호원 경영자",3,1
2002601,20026,"사렌디아 구호원 아이들의 엄마.","모두의 엄마",3,1
2002602,20026,"엄마라고 불릴 나이가 아니어도, 아이가 없어도, 마마는 마마.","마마",3,1
2002700,20027,"【카르미나】 부동의 센터. 톱 오브 아이돌.","노조미",1,1
2002701,20027,"노조미의 UB. 모두의 물리 공격력을 높여준다.","라이브 온 스테이지",3,1
2002800,20028,"【바이스플뤼겔 랜드솔 지부】의 동국에 심취한 전사. 천하통일입니다!","니논",1,1
2002801,20028,"오에도 마을에서 인법을 피로하는 소녀.","오에도 니논",3,1
2002802,20028,"가짜 닌자.","이국의 소녀",3,1
2002900,20029,"【악마왕국군(디아볼로스)】 소속의 점술사. 해골은 사실 아버지.","시노부",1,1
2002901,20029,"영감이 뛰어난 시노부는 영혼과 대화도 할 수 있다.","영능력자",3,1
2002902,20029,"시노부의 주위를 맴도는 변태 아저씨.","해골 아버지",3,1
2003000,20030,"【메르쿠리우스 재단】을 창설한 길드 마스터. 그녀의 장사는 세상을 바꾼다.","아키노",1,1
2003001,20030,"장사 솜씨가 뛰어난 아가씨.","영애",3,1
2003002,20030,"높은 사회적 신분에 상응하는 도덕적 의무.","노블레스 오블리주",2,1
2003003,20030,"아스트라이아 대륙 전역에 랜드솔 제일의 상인 집안이라고 이름을 떨친 명문가.","위스타리아 가문",3,1
2003004,20030,"양갓집 규수 검사의 웃음소리.","오호호호호",3,1
2003005,20030,"이익을 얻기 위하여 어떤 일이나 사업에 자본을 대거나 시간이나 정성을 쏟는 사람.","투자자",2,1
2003100,20031,"【목장(엘리자베스 파크)】의 마스터. 개성이 풍부한 길드 멤버를 따뜻하게 통솔하는 언니.","마히루",1,1
2003101,20031,"정한 시설을 갖추어 소나 말, 양 따위를 놓아 기르는 곳.","목장",3,1
2003102,20031,"재미없고 썰렁한 개그.","아저씨 개그",2,1
2003103,20031,"신선한 우유를 가공하여 만든 식품을 운반하는 것.","유제품 배달",3,1
2003200,20032,"【메르쿠리우스 재단】 재무 담당인 유능한 언니. …평소에는.","유카리",1,1
2003201,20032,"주정을 부리는 버릇이 있는 사람.","주정뱅이",3,1
2003202,20032,"병이나 상처를 잘 낫게 해 주는 사람.","치료사",3,1
2003203,20032,"길드의 연장자로서 탕평을 위해 노력한다.","탕평을 향한 정진",3,1
2003204,20032,"유카리를 이르는 말.","술고래 유카리",3,1
2003300,20033,"리틀 리리컬 중에서도 가장 성실하고 똑똑함.","우등생",3,1
2003301,20033,"우등생이지만 피망과 이것을 싫어한다.","당근은 싫어요",3,1
2003302,20033,"우등생이지만 이것과 당근을 싫어한다.","피망은 싫어요",3,1
2003400,20034,"【왕궁기사단(NIGHTMARE)】 단원. 단장의 심복?","토모",1,1
2003401,20034,"토모의 가문에 전해 내려오는 신속의 검기. 오의는 아수라.","미쿠마류",3,1
2003402,20034,"몹시 수다스러운 사람.","수다쟁이",2,1
2003403,20034,"토모가 목표로 하는 정의의 아군의 또 다른 말.","정의의 사도",3,1
2003404,20034,"왕궁기사단 단원인 토모는 전투 기사라고 불린다.","전투 기사 토모",3,1
2003500,20035,"【목장(엘리자베스 파크)】의 멤버. 병약하면서도 한결같이 열심히 하는 소녀.","시오리",1,1
2003501,20035,"언니를 매우 좋아함.","하츠네의 여동생",3,1
2003502,20035,"병을 자주 앓음.","잔병치레",2,1
2003503,20035,"독서와 산책을 하며 목장을 지킴.","목장 보호",2,1
2003600,20036,"【포레스티에】의 외톨이 궁수. 식물과 대화는 가능하지만 그건 그렇다 치고 외톨이.","아오이",1,1
2003700,20037,"【카르미나】 멤버. 정령이 친구인 바람의 창환 가희.","치카",1,1
2003701,20037,"실체가 없는 초자연적인 존재.","정령",3,1
2003702,20037,"창환술사. 노래로 정령을 불러내는 환상의 비술을 사용한다.","창환술사",3,1
2003703,20037,"바람에 깃든 혼령.","바람의 정령",3,1
2003800,20038,"【자경단(카온)】의 돌격 대장. 돌보기를 잘하는 수인족 소녀.","마코토",1,1
2003801,20038,"주위에서 의외라고 생각하는 것 같다.","유이의 소꿉친구",3,1
2003802,20038,"무예 및 무술을 통틀어 말하는 것으로, 그 집단.","무도파",2,1
2003803,20038,"올바르고 공정한 도리를 추구하는 소녀.","정의의 소녀",3,1
2003804,20038,"미안, 유이……!","미안 유이",3,1
2003900,20039,"【악마왕국군(디아볼로스)】 마스터이자 전설의 흡혈귀. 세계 정복을 위해 오늘도 힘낸다.","이리야",1,1
2003901,20039,"관련되는 사람이나 조직체 사이에서 서로 지켜야 할 의무에 대하여 글이나 말로 정하여 둠. 그런 약속.","계약",2,1
2003902,20039,"주인공의 힘으로 커졌다 작아졌다 하며 생김새가 바뀐다.","형태 변화",3,1
2004000,20040,"【바이스플뤼겔 랜드솔 지부】의 망상 담당.","쿠우카",1,1
2004001,20040,"오에도 마을을 거니는 기모노 차림의 마조히스트 아가씨.","오에도 쿠우카",3,1
2004002,20040,"숙녀의 몸가짐…?","마조히스트",3,1
2004100,20041,"【메르쿠리우스 재단】 소속의 붕어빵 가게 주인. 하지만 그 정체는… 냥! 냐냥!","타마키",1,1
2004101,20041,"자린고비 고양이.","수전노 고양이",3,1
2004102,20041,"고양이.","쥐의 천적",2,1
2004200,20042,"규율과 법도를 아울러 이르는 말.","기강",2,1
2004201,20042,"사상이나 의지 따위가 동요됨이 없이 확고함.","견고",2,1
2004202,20042,"따라다니며 곁에서 보호하고 지킴.","호위",2,1
2004300,20043,"【메르쿠리우스 재단】 소속의 아르바이트 전사. 실은 드래곤 슬레이어.","미후유",1,1
2004301,20043,"친절히 가르쳐 줄게. 물론 유상이야.","스승",3,1
2004302,20043,"본래의 직업이 아닌, 임시로 하는 일.","아르바이트",3,1
2004303,20043,"모습이나 태도가 떳떳한 굳세고 기개가 있는 여자.","당당한 여장부",3,1
2004304,20043,"미후유는 길드 업무도 아르바이트도 살뜰하게 챙긴다.","살뜰한 미후유",3,1
2004400,20044,"【라비린스】 소속의 자칭 누나. 누나에게 맡기렴.","시즈루",1,1
2004401,20044,"주인공의 누나를 자칭하는 소녀.","리노의 언니",3,1
2004500,20045,"【루센트 학원】의 학생. 성숙한 숙녀로, 죄 많은 여자라는 듯하다.","미사키",1,1
2004501,20045,"「숙녀」의 영어 표현.","레이디",3,1
2004502,20045,"키가 작은 교양과 예의와 품격을 갖춘 현숙한 여자.","키작은 숙녀",3,1
2004503,20045,"자기 자신을 스스로 성년이 된 여자라고 말함.","자칭 숙녀",3,1
2004504,20045,"당당하고 똑똑한 여자를 아름답게 이르는 말.","어엿한 숙녀",3,1
2004600,20046,"【트와일라이트 캐러밴】 소속의 위험한 과학자. 실험에 몰두.","미츠키",1,1
2004601,20046,"실험에 희생된 자는 셀 수 없다.","위험한 과학자",3,1
2004602,20046,"과학을 전문으로 연구하는 사람.","과학자",2,1
2004603,20046,"상대의 방어력을 대폭 감소시키는 미츠키의 스킬.","로즈 필드",3,1
2004604,20046,"약물에 상당한 지식과 경험을 가짐.","약물 전문가 미츠키",3,1
2004700,20047,"【목장(엘리자베스 파크)】의 리마. 사실은 길드 멤버 중 가장 소녀의 마음을 가짐.","리마",1,1
2004701,20047,"리마 모양의 거대 로봇.","로보리마",3,1
2004702,20047,"털을 다듬거나 수다를 떨며 목장을 잘 지킨다.","목장 보호",3,1
2004800,20048,"【바이스플뤼겔 랜드솔 지부】의 길드 마스터로, 군인. 항상 멤버에게 휘둘려 고생하는 흰 날개의 지휘관.","모니카",1,1
2004801,20048,"검을 가지고 싸우는 기술이 뛰어남.","검술",2,1
2004802,20048,"어, 어린애가 아니다!","어린이",3,1
2004900,20049,"달을 본 뜬 격투 무기. 츠무기에게 필요한 순간이 온다.","문 세스타스",3,1
2005000,20050,"【바이스플뤼겔 랜드솔 지부】의 은밀 담당. 어디에나 있고, 어디에도 없다.","아유미",1,1
2005001,20050,"하루만 하는 아르바이트.","일일 알바",2,1
2005002,20050,"요란하게 떨어지거나 부딪치는 순수한 소녀.","우당탕 순정 소녀",3,1
2005003,20050,"왠지 시선이 느껴진다.","지이이",3,1
2005004,20050,"체면이 깎이는 일이나 아니꼬운 일에 대한 부끄러움.","창피",3,1
2005100,20051,"【트와일라이트 캐러밴】 길드 마스터. 마음씨 좋은 낚시꾼. 검술 실력도 대단함.","루카",1,1
2005101,20051,"무사.","사무라이",3,1
2005102,20051,"상대방을 조금 높여 이르거나 부르는 말.","형님",2,1
2005200,20052,"창공의 기공사를 목표로 하는 여자아이.","지타",1,1
2005201,20052,"하늘을 돌아다니는 사람들을 말함. 가장 자유롭고 가장 위험한 직업이라고 한다.","기공사",3,1
2005202,20052,"수평선 위 넓은 곳을 날고 싶은 소녀.","하늘을 꿈꾸는 소녀",3,1
2005203,20052,"맑고 푸른 하늘의 기공사.","창공의 기공사",3,1
2005204,20052,"일정한 소속이 없이 자유 계약으로 일하는 사람.","프리랜서",2,1
2005300,20053,"【미식전】 길드 마스터. 뭐든 맛있게 먹는다. 장난 아니네요☆","페코린느",1,1
2005301,20053,"왕녀.","프린세스",3,1
2005302,20053,"장난 아니네요☆","장난 아니네요",3,1
2005303,20053,"랜드솔의 프린세스.","유스티아나",3,1
2005400,20054,"모두를 지탱하는 가이드 무녀의 원래 이름.","코코로",1,1
2005500,20055,"어쩌다 【미식전】에 소속된 수수께끼의 고양이 귀 소녀. 위험해!","고양이 수인족 캬루",1,1
2005501,20055,"위험해!","위험해",3,1
2005502,20055,"필요 이상으로 듣기 싫게 꾸짖거나 참견하는 말.","잔소리",3,1
2005503,20055,"맡은 일. 또는 맡겨진 일. 캬루에게도 있다.","임무",3,1
2005600,20056,"세계를 적으로 돌리고 싸우는 자칭 대죄인. 천루패단검은 모든 것을 자른다!","무이미",1,1
2005601,20056,"정체불명의 여자아이.","수수께끼 소녀",3,1
2005700,20057,"언젠가 반드시 숲의 수호자가 되겠다고 맹세한 엘프 소녀.","아리사",1,1
2005701,20057,"엘프인 여자.","여자 엘프",3,1
2005702,20057,"행방불명이 된 아리사의 친구.","로자리아",3,1
2005800,20058,"칠관(세븐 크라운즈) 중 한 명. 천변만화의 변모대비.","네네카",1,1
2005801,20058,"칠관. 변모대비.","메타몰 레그넌트",3,1
2005900,20059,"【왕궁기사단(NIGHTMARE)】 부단장이자 칠관(세븐 크라운즈) 중\n한 명. 꽤나 향락주의자.","크리스티나",1,1
2005901,20059,"별명, 문제아.","부단장",3,1
2005902,20059,"절대적인 제압력을 자랑하는 「서약여군」. 부단장이자 전투광.","자신감",3,1
2006000,20060,"【드래곤즈 네스트】 소속의 드래곤 족. 귀여운 얼굴을 하고는 의외로 독설을 함.","이노리",1,1
2006001,20060,"이노리의 필살기.","드래곤즈 로어",3,1
2006100,20061,"【드래곤즈 네스트】 소속의 드래곤족 싸움꾼.","카야",1,1
2006200,20062,"【드래곤즈 네스트】의 수수께끼 많은 길드 마스터. 보스.","호마레",1,1
2006201,20062,"드래곤즈 네스트의 보스로 작은 노란 용인 '라고'를 데리고 다닌다.","그 여자",3,1
2006202,20062,"두목, 우두머리란 뜻.","두목",3,1
2006300,20063,"딱히 화나 있거나 기분이 나쁜 건 아닌 듯하다.","무덤덤하다",3,1
2006400,20064,"【성 테레사 여학원(단짝부)】의 치에룬~☆ 담당.","치에루",1,1
2006401,20064,"체루리레레로리로리로.","체룬어",3,1
2006500,20065,"【유니짱즈】의 길드 마스터. 천재란 고독한 것.","유니",1,1
2006501,20065,"「상아의 탑」 연구소에서 집필하고 있다.","논문",3,1
2006502,20065,"교사를 포함하여 주위에서 유니 박사라고 불릴 정도로 견문과 학식이 풍부.","견식",3,1
3007800,10078,"마법으로 구동하는 기계. 사람을 돕거나 싸울 수도 있다.","메카",2,2
3007801,10078,"톱니바퀴 등의 조합으로 복잡한 움직임이 가능한 구조.","기계장치",2,2
3007900,10079,"독버섯인 광대버섯에 들어있다는 유독 성분의 알칼로이드이다.","무스카린",2,2
3007901,10079,"인기 있는 식용버섯의 한 종류로 다양한 요리에 사용된다.","양송이",2,2
3007902,10079,"고급 버섯은 매우 좋은 식재료가 된다. 동물을 이용해 채취하는 경우도 있다.","트러플",2,2
3007903,10079,"버섯은 채소가 아닌 진균류의 일종이다.","진균류",2,2
3008000,10080,"라이언의 별칭. 어떤 나라에서는 수호 동물로 여겨졌다.","사자",1,2
3008001,10080,"동물의 왕 사자는 용기의 상징이기도 하다.","라이언의 용기",2,2
3008002,10080,"고양잇과 동물은 상자에 굉장히 집착하는 경향이 있다.","고양잇과 동물",2,2
3008100,10081,"학용품과 사무용품 따위를 통틀어 이르는 말. 색연필도 포함된다.","문구",2,2
3008101,10081,"아이들이 좋아하는 색연필의 일종. ","크레파스",2,2
3008102,10081,"시험지에서 빨간 비가 내린다. 내 눈에도 비가 내린다.","시험 채점기",2,2
3008103,10081,"필자의 궁극적인 의도를 파악해 보자.","기출 변형",2,2
3008200,10082,"태양을 친근하게 부를 때의 호칭.","해님",1,2
3008201,10082,"우산으로도 쓸 수 있는 양산 하나쯤 마련해두는 것도 나쁘지 않다.","자외선",2,2
3008300,10083,"마법의 부력으로 하늘을 나는 풍선 같은 탈것.","비공정",1,2
3008301,10083,"아키노의 비공정은 메르쿠리우스 재단의 재산 중 하나이다. 운행비가 어마어마하게 든다.","메르쿠리우스 재단의 재산",3,2
3008400,10084,"줄기에 가시가 돋친 아름다운 붉은 꽃.","장미",1,2
3008401,10084,"마을 근처에는 가시 돋친 식물이 많다.","식물의 가시",1,2
3008500,10085,"오마에서 잡히는 것은 최고급 생선인 툰누스.","오마의 미식",3,2
3008501,10085,"붉은 살이 맛있는 생선.","다랑어",2,2
3008600,10086,"세상에서 누가 제일 예쁘니?","거울아 거울아",2,2
3008601,10086,"자기 자신을 사랑하는 나르시시스트는 언제나 손거울을 가지고 다닌다. 유키의 애장품...?","나르시시스트",2,2
3008602,10086,"거울을 통해 또 다른 나를 확인할 수 있다.","영혼의 쌍둥이",2,2
3008603,10086,"아아, 나는 오늘도 아름다워!","자기애",2,2
3008604,10086,"발굴되는 유물 중에는 거울도 있다.","유물",2,2
3008700,10087,"여왕과 공주가 정수리에 착용하는 호화로운 장식품.","티아라",1,2
3008701,10087,"실은 강대한 힘을 간직한 왕가의 장비 일부.","페코린느의 티아라",3,2
3008800,10088,"어묵을 넣고 끓여 만드는 요리.","어묵탕",1,2
3008801,10088,"라스 드래곤의 꼬리로 우려낸 국물에 모둠 어묵을 더해 탕으로 만든 요리.","드래곤 꼬리곰탕",3,2
3008802,10088,"여러 가지 식재료를 모아 만드는 맛있는 국물 요리.","전골 요리",2,2
3008803,10088,"오늘의 【미식전】 저녁 메뉴, 식사 당번은 콧코로랍니다♪","미식전의 저녁식사",3,2
3008804,10088,"자랑스러운 【미식전】의 마물 요리사! ","페코린느 요리",3,2
3008900,10089,"마법의 힘으로 빛을 발하는 도구.","전구",1,2
3008901,10089,"자그마한 전구.","소형 전구",2,2
3008902,10089,"진실로 이끄는 번뜩임의 힘. 명탐정에게 걸리면 어떤 어려운 사건도 해결!","카스미의 번뜩임",3,2
3009000,10090,"하늘에 떠 있는 물방울과 얼음 알갱이 뭉치. 비나 천둥의 창시자.","구름",1,2
3009001,10090,"뇌운을 거느리고, 천진난만하게 날뛰는 천둥 아가씨.","라이라이",3,2
3009100,10091,"숙련된 고블린 전사가 가지고 있는 무기.","고블린 그레이트의 날붙이",3,2
3009101,10091,"투척용 무기로 사용하는 경우도 있다.","토마호크",2,2
3009200,10092,"바위틈에 물을 채워 만든 목욕탕.","바위틈 목욕탕",1,2
3009201,10092,"야외나 옥외에 설치된 지붕 없는 목욕탕.","노천탕",1,2
3009202,10092,"목장에 솟아난 천연 온천 시설. 목욕으로 피로를 풀어보자.","크리스티나 리조트 스파",3,2
3009203,10092,"재정난으로 위기에 빠진 목장을 구해낸 일등공신.","목장의 돈벌이",3,2
3009300,10093,"시오리가 준 선물. 사실은 언제 어디서나 가지고 다니고 싶다.","하츠네의 보물",3,2
3009301,10093,"「꿈」의 영어 읽기. 베개를 베고 꿈속으로 출발~!","드림",2,2
3009400,10094,"패션에 관한 기사가 실린 잡지.","패션지",2,2
3009401,10094,"스즈나가 표지와 권두 특집으로 등장한다! 특전 브로마이드를 위해서는 예약이 필수!","스즈나가 실린 잡지",3,2
3009402,10094,"스즈나가 표지로 등장하면 인기가 많아 금방 품절될지 모르니 서점으로 빠르게 달려가자.","인기",2,2
3009403,10094,"올해는 어떤 패션이 유행할까?","트렌드",2,2
3009500,10095,"두드리면 높은 소리가 나는 작은 북.","소고",1,2
3009501,10095,"치고, 문지르고, 흔드는 등으로 소리를 내는 악기의 총칭.","타악기",2,2
3009502,10095,"연주하며 행진하는 악대. 흥겨운 행진에 타악기가 빠질 수 없지!","마칭 밴드",2,2
3009503,10095,"드럼을 연주하는 사람.","드러머",2,2
3009504,10095,"빠르게 북을 두드려 보자!","자진모리",2,2
3009600,10096,"밤하늘에 보이는 별을 선으로 이어 여러 가지 사물에 비유한 것.","별자리",1,2
3009601,10096,"별에게 소원을! 슈팅☆스타! 반~짝☆","하츠네",3,2
3009602,10096,"저 별자리… 주먹밥으로 보이지 않나요? 장난 아니네요☆","주먹밥 자리",3,2
3009603,10096,"밤하늘의 별을 보고 있으면 무언가 깊은 생각에 빠지게 되는 날도 있다.","밤에 빛나는 별",2,2
3009700,10097,"달고 시큼한 여름 채소. 열매는 가지와 동류.","토마토",1,2
3009701,10097,"보고 있으면 믹서기에 갈아 마시고 싶어진다. 마시고 나서 목이 따갑다면 알레르기가 있다는 뜻이니 주의!","주스",2,2
3009800,10098,"대지와 하늘이 만나 경계를 이루는 선.","지평선",2,2
3009801,10098,"시원하게 펼쳐진 들판은 야영하기 딱 좋은 장소!","야영지",2,2
3009802,10098,"산이나 들, 바다 따위의 자연이나 지역의 풍경을 일컫는 단어.","경치",2,2
3009803,10098,"야외의 필드를 사용하는 스포츠에서 흔히 그라운드에 깔아두는 녹색 식물.","잔디",1,2
3009804,10098,"피크닉 하기 딱 좋은 장소. 어떤 도시락을 준비해 볼까?","드넓은 장소",2,2
3009805,10098,"개발하는 것이 제한되어 있는 도시 주변의 녹지대. ","그린벨트",2,2
3009806,10098,"분명 어딘가에서 본 기억이 있다. 데자뷔?","어디선가 본 경치",2,2
3009900,10099,"무지개의 별칭. 무지개의 일곱 가지 색을 말하는 것이기도 하다.","레인보우",1,2
3009901,10099,"하늘을 향해 뻗듯이 나타난 무지개.","하늘에 놓인 다리",2,2
3010000,10100,"아이스크림이나 과일 등을 알록달록하게 얹은 화려한 빙수.","프라페",2,2
3010001,10100,"여름의 느낌을 나타내는 것들. 빙수 외에 수박이나 바다 등.","여름의 풍물시",2,2
3010002,10100,"소다맛 시럽을 뿌린 차가운 빙수.","소다 빙수",1,2
3010100,10101,"아름다운 날개로 팔랑팔랑 춤추는 요정 같은 벌레.","나비",1,2
3010101,10101,"크고 아름다운 나비의 일종. 대부분 뒷날개에 긴 돌기가 있다.","호랑나비",1,2
3010200,10102,"하늘에 닿을 듯한 정도로 높은 건물.","마천루",2,2
3010201,10102,"정복한 탑에 세우는 승리의 징표.","승리의 깃발",2,2
3010300,10103,"차갑고~ 달콤한~ 과자.","아이스크림",1,2
3010301,10103,"셰피는 아이스크림을 좋아한다.","드래곤족 소녀의 최애",3,2
3010400,10104,"식후에 먹는 간단한 음식. 주로 달콤한 과자나 빵, 음료를 일컫는다. 도넛도 포함된다.","디저트",2,2
3010401,10104,"커피와 함께 먹으면 행복해진다.","달콤한 간식",2,2
3010500,10105,"★3으로 클리어한 퀘스트만 스킵하실 수 있답니다♪","자격",2,2
3010501,10105,"1등 당첨금, 무려 10억 루피! 너, 기억상실 주제에 돈에는 집착하는 거야? 절반 나누는 걸로 타협하자!","로터리",2,2
3010502,10105,"이 티켓을 획득한 당신! 스킵의 나라로 초대합니다!","비밀의 종이",2,2
3010503,10105,"종이의 여러 종류를 의미하는 말. 티켓도 지류로 분류된다.","지류",2,2
3010600,10106,"「튜브」의 또 다른 영어 읽기.","플로트",2,2
3010601,10106,"한여름의 캬루가 마법 공격을 하며 튜브를 던진다. 빤히 쳐다보지 마~!","마법 데미지",3,2
3010700,10107,"눈부신 햇살이나 강한 조명으로부터 멋지게 지켜준다.","선글라스",1,2
3010701,10107,"렌즈가 검은 안경.","검은 안경",2,2
3010702,10107,"선글라스도 잘 어울리는 쿨한 생활 태도.","하드보일드",2,2
3010800,10108,"닌자가 던지는 무기.","수리검",1,2
3010801,10108,"오에도의 기념품으로 인기.","오에도 토산물",3,2
3010900,10109,"「집」의 영어 읽기.","하우스",2,2
3010901,10109,"내 집 마련의 첫걸음. 적금의 역할도 겸할 수 있다.","주택청약",2,2
3011000,10110,"전투 중에도 손을 놓을 수 없네요☆","페코린느가 즐기는 음식",3,2
3011001,10110,"주먹밥을 만들 때 사용되는 「쌀」의 영어 읽기.","라이스",2,2
3011100,10111,"피망을 닮았지만 쓰지 않은 채소. 컬러풀.","파프리카",2,2
3011101,10111,"다른 색깔의 피망과 함께 길게 썰어 볶으면 맛도 좋으면서 보기에도 좋은 반찬이 완성.","피망 볶음",2,2
3011200,10112,"「밤」의 영어 읽기.","체스트 너트",2,2
3011201,10112,"감자, 고구마뿐만 아니라 밤도 식량 대용 자원 및 기호식품으로 널리 재배되어 온 대표적인 구황작물이다.","구황작물",2,2
3011202,10112,"귀여운 다람쥐가 겨울을 대비하여 열심히 모으는 견과류 중 하나.","다람쥐의 주식",2,2
3011203,10112,"딱딱한 껍데기에 싸여 한 개의 씨가 들어있는 나무 열매를 의미한다.","견과",2,2
3011204,10112,"동국의 옆 나라에서는 정월 대보름에 밤을 깨물어 먹으면 한 해가 건강하다고 믿는다. ","부럼 깨기",2,2
3011205,10112,"가시에 주의.","밤송이",1,2
3011206,10112,"겨울철 간식으로는 단밤이 최고!","달달한 밤",2,2
3011207,10112,"밟으면 아프다.","위험해",2,2
3011300,10113,"감자 종류의 일부. 달고 맛있는 멋진 맛.","고구마",1,2
3011301,10113,"고구마를 먹다가 답답할 땐 사이다를 마시면 좋다.","사이다",2,2
3011302,10113,"「고구마」의 영어 읽기.","스위트포테이토",2,2
3011400,10114,"요리의 악센트가 되는 향신료를 말한다.","스파이스",2,2
3011401,10114,"만지고 눈을 비비지 않도록 주의해야 한다. 정말 따갑다.","페페론치노",2,2
3011500,10115,"바다가 주는 미식의 선물.","해산물",2,2
3011501,10115,"생기 넘치게 팔딱 뛰던 과거도 있었다.","생새우",1,2
3011600,10116,"허리부터 아랫부분에 착용하는 통 모양의 옷.","스커트",1,2
3011601,10116,"길이가 짧은 치마.","미니스커트",1,2
3011602,10116,"허리부터 밑단까지 주름을 반복해서 포갠 치마.","플리츠스커트",2,2
3011603,10116,"옷에도 자주 쓰이는 격자무늬.","체크",2,2
3011700,10117,"허리부터 아랫부분에 입는 옷. 가랑이가 있는 형태이다.","바지",1,2
3011701,10117,"반바지에 장식을 해 팬시☆한 매력을 더한 패션 의류.","패션 반바지",2,2
3011702,10117,"이노리가 입고 있는 바지와 비슷하게 생겼다.","이노리",3,2
3011800,10118,"하늘을 날 수 있는 탈것. 새는 아니지만 날개가 있다.","비행기",1,2
3011801,10118,"배나 비행기를 움직이기 위해 달린 회전식 날개.","프로펠러",2,2
3011802,10118,"아이들에게 비행기 장난감은 영원히 인기 만점.","장난감",2,2
3011900,10119,"강수 확률이나 풍속 등의 날씨를 예측하여 전하는 일.","일기예보",2,2
3011901,10119,"비를 가득 머금은 구름.","비구름",1,2
3011902,10119,"비 오는 날이면 생각나는 메뉴.","파전",2,2
3011903,10119,"날씨가 흐리다면 집을 나서기 전에 잊지 말고 챙겨야 하는 물건.","우산",2,2
3011904,10119,"생태계에 나쁜 영향을 주는 비. 우산은 필수!","산성비",2,2
3011905,10119,"여름철에 여러 날을 계속해서 비가 내리는 현상이나 날씨. 습해진다.","장마",2,2
3011906,10119,"갑자기 쏟아지다가 그치는 비.","소나기",2,2
3011907,10119,"비가 지겹도록 내리는 시기를 일컫는 말. 장마의 다른 말.","구우",2,2
3012000,10120,"가늘고 긴 막대기 모양 도구.","지팡이",1,2
3012001,10120,"마법을 쓰기 위한 도구. 휘둘러 주문을 외우자.","마법의 지팡이",2,2
3012002,10120,"미스테리온 삼림에서 자란 아스트라이아 향나무 지팡이가 유명하다고 한다.","나무 지팡이",1,2
3012100,10121,"「창」의 영어 읽기.","스피어",2,2
3012101,10121,"「창」의 다른 말. 창과 방패.","미늘창",2,2
3012102,10121,"자루가 긴 도구나 무기.","자루가 긴 무기",2,2
3012200,10122,"머리를 보호하기 위한 방어구.","투구",1,2
3012201,10122,"「갑주」의 영어 읽기.","아머",2,2
3012202,10122,"금속을 먹고, 무구를 다루는 수수께끼의 마물","리빙 메일",3,2
3012300,10123,"대응하는 모든 자물쇠를 열 수 있는 열쇠.","마스터키",2,2
3012301,10123,"열쇠와 자물쇠, 걸쇠, 빗장 등을 한데 모아 부르는 표현.","잠금장치",1,2
3012400,10124,"안에 무엇이 들어 있는지는 개봉한 후의 즐거움.","보물 상자",1,2
3012401,10124,"「보물 상자」의 영어 읽기.","트레저 박스",2,2
3012402,10124,"전투를 클리어하고 손에 넣으면 한밑천 왕창.","전투 종료",2,2
3012500,10125,"「공룡」의 영어 읽기.","다이너소어",2,2
3012501,10125,"탐구심을 불러일으키는 존재. 로망이 넘친다.","전설의 생물",2,2
3012502,10125,"금기에 뛰어드는 모험자들을 작열하는 업화로 불태워 버린다는 라스 드래곤이 서식하고 있다.","해령",3,2
3012600,10126,"말을 적는 데 쓰는 기호.","문자",1,2
3012601,10126,"치에루가 내는 입버릇. 세계 공통어가 될 예정?","치에루",3,2
3012602,10126,"야후~! 으라챠~! 치에루루~운!!","감탄사",3,2
3012700,10127,"움직임을 봉하기 위해 몸에 두르는 기구.","구속구",1,2
3012701,10127,"쿠우카는 움직임을 제약하면서 시선을 끌고 남몰래 쾌락을 즐긴다. 노릴 거라면 쿠우카를!","쿠우카의 장신구",3,2
3012800,10128,"성 테레사 여학원의 입구에 있는 거대한 문.","거대한 문",3,2
3012801,10128,"「게이트 키퍼」의 다른 표현.","문지기",2,2
3012802,10128,"「대문」의 영어 읽기.","게이트",2,2
3012803,10128,"건물의 정면에 있는 문을 부르는 말.","정문",1,2
4006600,20066,"희귀한 드래곤족 여자아이.","드래곤족 소녀",3,2
4006601,20066,"입에 넣으면 안 돼~!","네비아의 천적",3,2
4006602,20066,"다른 길드에서도 가입 권유를 받았지만 거절했다.","미식전",3,2
4006700,20067,"【길드 관리협회】에서 일하는 상냥한 똑쟁이.","카린",1,2
4006701,20067,"안경 쓴 사람을 낮잡아 부를 때 쓰는 표현. 안경잽이라고 쓰이기도 한다.","안경쟁이",2,2
4006702,20067,"이런 일은 제게 맡겨주세요~!","서류 업무",2,2
4006703,20067,"카린의 취미라고 한다.","보드게임",2,2
4006704,20067,"멋진 동료가 늘어났어요~☆","무지개색 종이",3,2
4006705,20067,"멋진 동료가 늘어났어요~!","금색 종이",3,2
4006706,20067,"안경을 쓰면 지적으로 보이는 경우가 있다.","지적인 이미지",2,2
4006800,20068,"라이라이의 손발이 되어 싸운다.","라이라이의 부하",3,2
4006801,20068,"후열에서 아군을 괴롭히는 구름 마물.","구름 마물",3,2
4006900,20069,"올빼미한테 편지 배달을 부탁하는 곳도 있다고 한다.","우편배달부",2,2
4006901,20069,"랜드솔에 도입된다면 모 다람쥐 수인이 제일 기뻐하겠지.","시에스타",2,2
4006902,20069,"뿔이 있으면 올빼미가 아니라 부엉이라고! - 모 생태학자.","부엉이",1,2
4006903,20069,"잦은 스트레스는 올빼미도 피곤하게 만든다.","피곤한 올빼미",2,2
4007000,20070,"작은 너구리 마물. 어리지만 필사적으로 싸운다.","장난 너구리",1,2
4007001,20070,"동국에 전해지는 차도구입니다. 가끔 폭발한다입니다.","다부",2,2
4007002,20070,"신선 너구리의 권속. 많이 있다.","마스터 센리의 부하",3,2
4007003,20070,"유니온 버스트를 쓰기 전에 꼭 확인하기!","무적",3,2
4007004,20070,"야생의 너구리가 나타났다! 가랏! 페코린느!","야생 너구리",2,2
4007005,20070,"등에 껍질을 달고 있는 거북이 같은 너구리.","거북 너구리",2,2
4007100,20071,"광장에 즐비한 지장보살들.","스즈메의 친구",3,2
4007101,20071,"골렘은 튼튼한 몸을 가진 바위 마물이다.","바위 마물",1,2
4007200,20072,"마법의 나라에서 찾아온 수수께끼의 생물. 마법 소녀의 힘을 준다.","모라",1,2
4007201,20072,"조금 인형처럼 생겼다.","인형",2,2
4007202,20072,"생명 활동을 마력에 의해 유지하고 있는 생물.","마법 생물",3,2
